* Expenditure Category,* Date,TOTAL,* SUPPLIER FINAL
Computer Licences,45170,1696.8,XMA LTD,451701696.8XMA LTD,451701696.8XMA LTD,1
Vehicle Purchase,45170,28015.4,VOLKSWAGEN GROUP UNITED KINGDOM LTD,4517028015.4VOLKSWAGEN GROUP UNITED KINGDOM LTD,4517028015.4VOLKSWAGEN GROUP UNITED KINGDOM LTD,5
Vehicle Purchase,45170,28015.4,VOLKSWAGEN GROUP UNITED KINGDOM LTD,4517028015.4VOLKSWAGEN GROUP UNITED KINGDOM LTD,4517028015.4VOLKSWAGEN GROUP UNITED KINGDOM LTD,5
Vehicle Purchase,45170,28015.4,VOLKSWAGEN GROUP UNITED KINGDOM LTD,4517028015.4VOLKSWAGEN GROUP UNITED KINGDOM LTD,4517028015.4VOLKSWAGEN GROUP UNITED KINGDOM LTD,5
Vehicle Purchase,45170,28015.4,VOLKSWAGEN GROUP UNITED KINGDOM LTD,4517028015.4VOLKSWAGEN GROUP UNITED KINGDOM LTD,4517028015.4VOLKSWAGEN GROUP UNITED KINGDOM LTD,5
Vehicle Purchase,45170,28015.4,VOLKSWAGEN GROUP UNITED KINGDOM LTD,4517028015.4VOLKSWAGEN GROUP UNITED KINGDOM LTD,4517028015.4VOLKSWAGEN GROUP UNITED KINGDOM LTD,5
Catering Service (External),45170,937.67,TURNER PRICE LTD,45170937.67TURNER PRICE LTD,45170937.67TURNER PRICE LTD,1
Catering Service (External),45170,1532.06,TURNER PRICE LTD,451701532.06TURNER PRICE LTD,451701532.06TURNER PRICE LTD,1
Catering Service (External),45170,925.43,TURNER PRICE LTD,45170925.43TURNER PRICE LTD,45170925.43TURNER PRICE LTD,1
Clothing & Uniform,45170,1562.05,TRY & LILLY LTD,451701562.05TRY & LILLY LTD,451701562.05TRY & LILLY LTD,1
Police - Settlements - Staff,45170,12000,THIRD PARTY SUPPLIER,4517012000THIRD PARTY SUPPLIER,4517012000THIRD PARTY SUPPLIER,1
Equipment General,45170,4123.72,THIRD PARTY SUPPLIER,451704123.72THIRD PARTY SUPPLIER,451704123.72THIRD PARTY SUPPLIER,1
Computer Maintenance,45170,319587.63,THIRD PARTY SUPPLIER,45170319587.63THIRD PARTY SUPPLIER,45170319587.63THIRD PARTY SUPPLIER,1
Police - FSS,45170,34589.43,THIRD PARTY FORENSIC SERVICES,4517034589.43THIRD PARTY FORENSIC SERVICES,4517034589.43THIRD PARTY FORENSIC SERVICES,1
Police - FSS,45170,4830.94,THIRD PARTY FORENSIC SERVICES,451704830.94THIRD PARTY FORENSIC SERVICES,451704830.94THIRD PARTY FORENSIC SERVICES,1
Training Expenses (External),45170,895,THE KNOWLEDGE ACADEMY LTD,45170895THE KNOWLEDGE ACADEMY LTD,45170895THE KNOWLEDGE ACADEMY LTD,1
Police - Health & Safety - Occ Health,45170,5600,ST JAMES MEDICAL CENTRE,451705600ST JAMES MEDICAL CENTRE,451705600ST JAMES MEDICAL CENTRE,1
Equipment General,45170,500,SELECTAMARK SECURITY SYSTEMS PLC,45170500SELECTAMARK SECURITY SYSTEMS PLC,45170500SELECTAMARK SECURITY SYSTEMS PLC,1
Police Reactive Maintenance - Building Services,45170,968.75,SECURITY SOLUTIONS,45170968.75SECURITY SOLUTIONS,45170968.75SECURITY SOLUTIONS,1
Police Reactive Maintenance - Building Services,45170,1131.13,SECURITY SOLUTIONS,451701131.13SECURITY SOLUTIONS,451701131.13SECURITY SOLUTIONS,1
Police - Scientific Support Equipment,45170,1043.52,SCENESAFE,451701043.52SCENESAFE,451701043.52SCENESAFE,1
ICT Stock / Stores,45170,1028.1,SCC,451701028.1SCC,451701028.1SCC,1
Postage & Carriage,45170,571.4000000000001,SCC,45170571.4SCC,45170571.4SCC,1
Computer Equipment (Hardware),45170,26281.66,SCC,4517026281.66SCC,4517026281.66SCC,1
Consultant Fees,45170,7085.1,REED SPECIALIST RECRUITMENT LTD,451707085.1REED SPECIALIST RECRUITMENT LTD,451707085.1REED SPECIALIST RECRUITMENT LTD,2
Consultant Fees,45170,6270,REED SPECIALIST RECRUITMENT LTD,451706270REED SPECIALIST RECRUITMENT LTD,451706270REED SPECIALIST RECRUITMENT LTD,1
Consultant Fees,45170,7085.1,REED SPECIALIST RECRUITMENT LTD,451707085.1REED SPECIALIST RECRUITMENT LTD,451707085.1REED SPECIALIST RECRUITMENT LTD,2
Works Fees (External),45170,3067.56,REED SPECIALIST RECRUITMENT LTD,451703067.56REED SPECIALIST RECRUITMENT LTD,451703067.56REED SPECIALIST RECRUITMENT LTD,1
Works Fees (External),45170,5460.12,REED SPECIALIST RECRUITMENT LTD,451705460.12REED SPECIALIST RECRUITMENT LTD,451705460.12REED SPECIALIST RECRUITMENT LTD,1
Works Fees (External),45170,4702.5,REED SPECIALIST RECRUITMENT LTD,451704702.5REED SPECIALIST RECRUITMENT LTD,451704702.5REED SPECIALIST RECRUITMENT LTD,1
Consultant Fees,45170,2508,REED SPECIALIST RECRUITMENT LTD,451702508REED SPECIALIST RECRUITMENT LTD,451702508REED SPECIALIST RECRUITMENT LTD,1
Police - Vehicle Workshop Parts,45170,762.12,PRESTON TPS (TRADING PARTS SPECIALIST),45170762.12PRESTON TPS (TRADING PARTS SPECIALIST),45170762.12PRESTON TPS (TRADING PARTS SPECIALIST),1
Clothing & Uniform,45170,2005.09,PORTWEST CLOTHING LTD,451702005.09PORTWEST CLOTHING LTD,451702005.09PORTWEST CLOTHING LTD,1
Police - Waste Collection Charges - Clinical,45170,801.18,PHS GROUP PLC,45170801.18PHS GROUP PLC,45170801.18PHS GROUP PLC,1
Police - Vehicle Workshop Parts,45170,663.43,PARTS PLUS,45170663.43PARTS PLUS,45170663.43PARTS PLUS,1
Agency Staff,45170,1332.38,OCCUPATIONAL HEALTH STAFFING LTD,451701332.38OCCUPATIONAL HEALTH STAFFING LTD,451701332.38OCCUPATIONAL HEALTH STAFFING LTD,1
Other Expenses,45170,1429.98,NORTH WEST VENDING LTD,451701429.98NORTH WEST VENDING LTD,451701429.98NORTH WEST VENDING LTD,1
Police - Counsel Fees,45170,650,MR NICHOLAS FLANAGAN,45170650MR NICHOLAS FLANAGAN,45170650MR NICHOLAS FLANAGAN,1
Police - Counsel Fees,45170,875,MISS CHELSEA BROOKE WARD,45170875MISS CHELSEA BROOKE WARD,45170875MISS CHELSEA BROOKE WARD,1
Clothing & Uniform,45170,917,MICHAEL LUPTON ASSOCIATES LTD,45170917MICHAEL LUPTON ASSOCIATES LTD,45170917MICHAEL LUPTON ASSOCIATES LTD,1
Clothing & Uniform,45170,4170.72,ALTBERG LTD,451704170.72ALTBERG LTD,451704170.72ALTBERG LTD,1
Electricity,45170,621.97,HEYSHAM PORTS LTD,45170621.97HEYSHAM PORTS LTD,45170621.97HEYSHAM PORTS LTD,1
Clothing & Uniform,45170,1583.3,HEROQUIP,451701583.3HEROQUIP,451701583.3HEROQUIP,1
Police - Promotional Materials,45170,1000,HECKFORD PRINTERS LTD,451701000HECKFORD PRINTERS LTD,451701000HECKFORD PRINTERS LTD,1
Police - Other Investigative Expenses,45170,1680.54,FOUNDRY CHAMBERS,451701680.54FOUNDRY CHAMBERS,451701680.54FOUNDRY CHAMBERS,1
Police - Mobile Data,45170,5750.31,EVERYTHING EVERYWHERE LTD,451705750.31EVERYTHING EVERYWHERE LTD,451705750.31EVERYTHING EVERYWHERE LTD,1
Police - Mobile Data,45170,6213.76,EVERYTHING EVERYWHERE LTD,451706213.76EVERYTHING EVERYWHERE LTD,451706213.76EVERYTHING EVERYWHERE LTD,1
Police - Mobile Data,45170,6199.6,EVERYTHING EVERYWHERE LTD,451706199.6EVERYTHING EVERYWHERE LTD,451706199.6EVERYTHING EVERYWHERE LTD,1
Police - Mobile Data,45170,8830.39,EVERYTHING EVERYWHERE LTD,451708830.39EVERYTHING EVERYWHERE LTD,451708830.39EVERYTHING EVERYWHERE LTD,1
Telecommunications Equipment,45170,500,EVERYTHING EVERYWHERE LTD,45170500EVERYTHING EVERYWHERE LTD,45170500EVERYTHING EVERYWHERE LTD,1
Police - Horse Expenses,45170,1360,ANIMAL RELATED SERVICES,451701360ANIMAL RELATED SERVICES,451701360ANIMAL RELATED SERVICES,1
Police - Horse Expenses,45170,514.2300000000001,ANIMAL RELATED SERVICES,45170514.23ANIMAL RELATED SERVICES,45170514.23ANIMAL RELATED SERVICES,1
Police - Other Investigative Expenses,45170,600,ELLIOTT FORENSIC CONSULTING LTD,45170600ELLIOTT FORENSIC CONSULTING LTD,45170600ELLIOTT FORENSIC CONSULTING LTD,1
Police - Firearms Ammunition,45170,3500,EDGAR BROTHERS,451703500EDGAR BROTHERS,451703500EDGAR BROTHERS,1
Police - Other Specialist Operational Equipment,45170,1272,EDGAR BROTHERS,451701272EDGAR BROTHERS,451701272EDGAR BROTHERS,1
Police - Other Specialist Operational Equipment,45170,1595.22,EDGAR BROTHERS,451701595.22EDGAR BROTHERS,451701595.22EDGAR BROTHERS,1
Equipment General,45170,597.8,DRAEGER SAFETY UK LTD,45170597.8DRAEGER SAFETY UK LTD,45170597.8DRAEGER SAFETY UK LTD,1
Equipment General,45170,1304,COLLINS & SONS LOCKSMITHS,451701304COLLINS & SONS LOCKSMITHS,451701304COLLINS & SONS LOCKSMITHS,1
Police - Detained Persons - Other Expenses,45170,1953,CHILD ACTION NORTHWEST,451701953CHILD ACTION NORTHWEST,451701953CHILD ACTION NORTHWEST,1
Police - Other Third Party Payments,45170,1145.06,CHILD ACTION NORTHWEST,451701145.06CHILD ACTION NORTHWEST,451701145.06CHILD ACTION NORTHWEST,1
Police - Other Third Party Payments,45170,1336.88,CHILD ACTION NORTHWEST,451701336.88CHILD ACTION NORTHWEST,451701336.88CHILD ACTION NORTHWEST,1
Police - Other Third Party Payments,45170,1307.81,CHILD ACTION NORTHWEST,451701307.81CHILD ACTION NORTHWEST,451701307.81CHILD ACTION NORTHWEST,1
Police - Detained Persons - Other Expenses,45170,5112,CHARLES FELLOWS SUPPLIES LTD,451705112CHARLES FELLOWS SUPPLIES LTD,451705112CHARLES FELLOWS SUPPLIES LTD,1
Police - FSS,45170,4841.1,CELLMARK,451704841.1CELLMARK,451704841.1CELLMARK,1
Police - FSS,45170,4647.5,CELLMARK,451704647.5CELLMARK,451704647.5CELLMARK,1
Police - Other Third Party Payments,45170,2500,CALAMAT LTD,451702500CALAMAT LTD,451702500CALAMAT LTD,1
Police - Other Third Party Payments,45170,6080,CALAMAT LTD,451706080CALAMAT LTD,451706080CALAMAT LTD,1
Equipment General,45170,2240.48,BOXES AND PACKAGING (MANCHESTER) LIMITED,451702240.48BOXES AND PACKAGING (MANCHESTER) LIMITED,451702240.48BOXES AND PACKAGING (MANCHESTER) LIMITED,1
Equipment General,45170,1906,BLACKPOOL COUNCIL,451701906BLACKPOOL COUNCIL,451701906BLACKPOOL COUNCIL,1
Police - Detained Persons - Meals / Refreshments,45170,1163.42,BIDFOOD,451701163.42BIDFOOD,451701163.42BIDFOOD,1
Clothing & Uniform,45170,3138,B K S LEATHER,451703138B K S LEATHER,451703138B K S LEATHER,1
Clothing & Uniform,45170,3183,B K S LEATHER,451703183B K S LEATHER,451703183B K S LEATHER,2
Clothing & Uniform,45170,3183,B K S LEATHER,451703183B K S LEATHER,451703183B K S LEATHER,2
Equipment General,45170,3596.5,AVR GROUP LIMITED,451703596.5AVR GROUP LIMITED,451703596.5AVR GROUP LIMITED,1
Police Reactive Maintenance - Building Fabric,45170,1325.43,AUSTIN WATSON,451701325.43AUSTIN WATSON,451701325.43AUSTIN WATSON,1
Hire of Transport,45170,538.44,ARNOLD CLARK CAR & VAN RENTAL,45170538.44ARNOLD CLARK CAR & VAN RENTAL,45170538.44ARNOLD CLARK CAR & VAN RENTAL,1
Vehicle Purchase,45175,28015.4,VOLKSWAGEN GROUP UNITED KINGDOM LTD,4517528015.4VOLKSWAGEN GROUP UNITED KINGDOM LTD,4517528015.4VOLKSWAGEN GROUP UNITED KINGDOM LTD,7
Vehicle Purchase,45175,28015.4,VOLKSWAGEN GROUP UNITED KINGDOM LTD,4517528015.4VOLKSWAGEN GROUP UNITED KINGDOM LTD,4517528015.4VOLKSWAGEN GROUP UNITED KINGDOM LTD,7
Vehicle Purchase,45175,28015.4,VOLKSWAGEN GROUP UNITED KINGDOM LTD,4517528015.4VOLKSWAGEN GROUP UNITED KINGDOM LTD,4517528015.4VOLKSWAGEN GROUP UNITED KINGDOM LTD,7
Vehicle Purchase,45175,28015.4,VOLKSWAGEN GROUP UNITED KINGDOM LTD,4517528015.4VOLKSWAGEN GROUP UNITED KINGDOM LTD,4517528015.4VOLKSWAGEN GROUP UNITED KINGDOM LTD,7
Vehicle Purchase,45175,28015.4,VOLKSWAGEN GROUP UNITED KINGDOM LTD,4517528015.4VOLKSWAGEN GROUP UNITED KINGDOM LTD,4517528015.4VOLKSWAGEN GROUP UNITED KINGDOM LTD,7
Vehicle Purchase,45175,28015.4,VOLKSWAGEN GROUP UNITED KINGDOM LTD,4517528015.4VOLKSWAGEN GROUP UNITED KINGDOM LTD,4517528015.4VOLKSWAGEN GROUP UNITED KINGDOM LTD,7
Vehicle Purchase,45175,28015.4,VOLKSWAGEN GROUP UNITED KINGDOM LTD,4517528015.4VOLKSWAGEN GROUP UNITED KINGDOM LTD,4517528015.4VOLKSWAGEN GROUP UNITED KINGDOM LTD,7
Police - Mobile Data,45175,750,VODAFONE LTD (215385),45175750VODAFONE LTD (215385),45175750VODAFONE LTD (215385),1
Consultant Fees,45175,22738.13,VICTIM SUPPORT LANCASHIRE,4517522738.13VICTIM SUPPORT LANCASHIRE,4517522738.13VICTIM SUPPORT LANCASHIRE,1
Catering Service (External),45175,680.74,TURNER PRICE LTD,45175680.74TURNER PRICE LTD,45175680.74TURNER PRICE LTD,1
Catering Service (External),45175,512.47,TURNER PRICE LTD,45175512.47TURNER PRICE LTD,45175512.47TURNER PRICE LTD,1
Catering Service (External),45175,1591.44,TURNER PRICE LTD,451751591.44TURNER PRICE LTD,451751591.44TURNER PRICE LTD,1
Catering Service (External),45175,580.7,TURNER PRICE LTD,45175580.7TURNER PRICE LTD,45175580.7TURNER PRICE LTD,1
Catering Service (External),45175,654.05,TIFFIN SANDWICHES LTD,45175654.05TIFFIN SANDWICHES LTD,45175654.05TIFFIN SANDWICHES LTD,1
Police - Scientific Support Equipment,45175,570,THIRD PARTY SUPPLIER,45175570THIRD PARTY SUPPLIER,45175570THIRD PARTY SUPPLIER,1
Window Cleaning,45175,718.96,THIRD PARTY SUPPLIER,45175718.96THIRD PARTY SUPPLIER,45175718.96THIRD PARTY SUPPLIER,1
Police - Counselling,45175,1120,THIRD PARTY SUPPLIER,451751120THIRD PARTY SUPPLIER,451751120THIRD PARTY SUPPLIER,1
Police - Counselling,45175,1520,THIRD PARTY SUPPLIER,451751520THIRD PARTY SUPPLIER,451751520THIRD PARTY SUPPLIER,1
Police - Counselling,45175,1400,THIRD PARTY SUPPLIER,451751400THIRD PARTY SUPPLIER,451751400THIRD PARTY SUPPLIER,1
Police - Other Third Party Payments,45175,2408.16,THE COPYRIGHT LICENSING AGENCY LIMITED,451752408.16THE COPYRIGHT LICENSING AGENCY LIMITED,451752408.16THE COPYRIGHT LICENSING AGENCY LIMITED,1
IT Consultancy,45175,140225,THE BRIDGE (IT RECRUITMENT) LIMITED,45175140225THE BRIDGE (IT RECRUITMENT) LIMITED,45175140225THE BRIDGE (IT RECRUITMENT) LIMITED,1
Delegated Grounds Maintenance,45175,586.42,SOCIETE GENERALE EQUIPMENT FINANCE LTD,45175586.42SOCIETE GENERALE EQUIPMENT FINANCE LTD,45175586.42SOCIETE GENERALE EQUIPMENT FINANCE LTD,1
Water,45175,21390.629999999994,SCOTTISH WATER BUSINESS STREAM,4517521390.63SCOTTISH WATER BUSINESS STREAM,4517521390.63SCOTTISH WATER BUSINESS STREAM,1
Water,45175,3110.19,SCOTTISH WATER BUSINESS STREAM,451753110.19SCOTTISH WATER BUSINESS STREAM,451753110.19SCOTTISH WATER BUSINESS STREAM,1
Equipment General,45175,3792.89,SCENESAFE,451753792.89SCENESAFE,451753792.89SCENESAFE,1
Equipment General,45175,1539,SCENESAFE,451751539SCENESAFE,451751539SCENESAFE,1
Equipment General,45175,891,SCENESAFE,45175891SCENESAFE,45175891SCENESAFE,1
Equipment General,45175,1024.8899999999999,SCENESAFE,451751024.89SCENESAFE,451751024.89SCENESAFE,1
Equipment General,45175,965,SCENESAFE,45175965SCENESAFE,45175965SCENESAFE,1
Computer Licences,45175,6852.58,SCC,451756852.58SCC,451756852.58SCC,1
Consultant Fees,45175,8224.67,REED SPECIALIST RECRUITMENT LTD,451758224.67REED SPECIALIST RECRUITMENT LTD,451758224.67REED SPECIALIST RECRUITMENT LTD,1
Police - Other Third Party Payments,45175,1041.67,AFC FYLDE COMMUNITY FOUNDATION,451751041.67AFC FYLDE COMMUNITY FOUNDATION,451751041.67AFC FYLDE COMMUNITY FOUNDATION,3
Police - Other Third Party Payments,45175,1095,AFC FYLDE COMMUNITY FOUNDATION,451751095AFC FYLDE COMMUNITY FOUNDATION,451751095AFC FYLDE COMMUNITY FOUNDATION,3
Police - Other Third Party Payments,45175,3016,AFC FYLDE COMMUNITY FOUNDATION,451753016AFC FYLDE COMMUNITY FOUNDATION,451753016AFC FYLDE COMMUNITY FOUNDATION,1
Police - Other Third Party Payments,45175,1095,AFC FYLDE COMMUNITY FOUNDATION,451751095AFC FYLDE COMMUNITY FOUNDATION,451751095AFC FYLDE COMMUNITY FOUNDATION,3
Police - Other Third Party Payments,45175,1041.67,AFC FYLDE COMMUNITY FOUNDATION,451751041.67AFC FYLDE COMMUNITY FOUNDATION,451751041.67AFC FYLDE COMMUNITY FOUNDATION,3
Police - Other Third Party Payments,45175,1095,AFC FYLDE COMMUNITY FOUNDATION,451751095AFC FYLDE COMMUNITY FOUNDATION,451751095AFC FYLDE COMMUNITY FOUNDATION,3
Police - Other Third Party Payments,45175,1041.67,AFC FYLDE COMMUNITY FOUNDATION,451751041.67AFC FYLDE COMMUNITY FOUNDATION,451751041.67AFC FYLDE COMMUNITY FOUNDATION,3
Police - Other Third Party Payments,45175,3065,AFC FYLDE COMMUNITY FOUNDATION,451753065AFC FYLDE COMMUNITY FOUNDATION,451753065AFC FYLDE COMMUNITY FOUNDATION,1
Police Reactive Maintenance - Building Services,45175,1476.44,PREMIER OF LYTHAM  LTD,451751476.44PREMIER OF LYTHAM  LTD,451751476.44PREMIER OF LYTHAM  LTD,1
Police - Firearms Ammunition,45175,6275,POINT SOUTH LIMITED,451756275POINT SOUTH LIMITED,451756275POINT SOUTH LIMITED,1
Police - Waste Collection Charges - Clinical,45175,1857.4399999999998,PHS GROUP PLC,451751857.44PHS GROUP PLC,451751857.44PHS GROUP PLC,1
Police - Vehicle Workshop Parts,45175,26760.47,OECONNECTION LTD,4517526760.47OECONNECTION LTD,4517526760.47OECONNECTION LTD,1
Agency Staff,45175,816.62,OCCUPATIONAL HEALTH STAFFING LTD,45175816.62OCCUPATIONAL HEALTH STAFFING LTD,45175816.62OCCUPATIONAL HEALTH STAFFING LTD,1
Consultant Fees,45175,112932.25,NHS LANCASHIRE AND SOUTH CUMBRIA ICB,45175112932.25NHS LANCASHIRE AND SOUTH CUMBRIA ICB,45175112932.25NHS LANCASHIRE AND SOUTH CUMBRIA ICB,1
Training Expenses (External),45175,1120,NDORS TRAINER,451751120NDORS TRAINER,451751120NDORS TRAINER,1
Training Expenses (External),45175,814,NDORS TRAINER,45175814NDORS TRAINER,45175814NDORS TRAINER,2
Training Expenses (External),45175,1280,NDORS TRAINER,451751280NDORS TRAINER,451751280NDORS TRAINER,2
Training Expenses (External),45175,567,NDORS TRAINER,45175567NDORS TRAINER,45175567NDORS TRAINER,1
Training Expenses (External),45175,814,NDORS TRAINER,45175814NDORS TRAINER,45175814NDORS TRAINER,2
Training Expenses (External),45175,2240,NDORS TRAINER,451752240NDORS TRAINER,451752240NDORS TRAINER,1
Training Expenses (External),45175,647,NDORS TRAINER,45175647NDORS TRAINER,45175647NDORS TRAINER,1
Training Expenses (External),45175,1701,NDORS TRAINER,451751701NDORS TRAINER,451751701NDORS TRAINER,1
Training Expenses (External),45175,1280,NDORS TRAINER,451751280NDORS TRAINER,451751280NDORS TRAINER,2
Training Expenses (External),45175,2581,NDORS TRAINER,451752581NDORS TRAINER,451752581NDORS TRAINER,1
Training Expenses (External),45175,880,NDORS TRAINER,45175880NDORS TRAINER,45175880NDORS TRAINER,1
Police - Mutual assistance,45175,518.61,MERSEYSIDE POLICE AUTHORITY,45175518.61MERSEYSIDE POLICE AUTHORITY,45175518.61MERSEYSIDE POLICE AUTHORITY,1
Police - Mutual assistance,45175,1707.68,MERSEYSIDE POLICE AUTHORITY,451751707.68MERSEYSIDE POLICE AUTHORITY,451751707.68MERSEYSIDE POLICE AUTHORITY,1
Police - Other Third Party Payments,45175,984.96,LANCASHIRE POLICE FEDERATION,45175984.96LANCASHIRE POLICE FEDERATION,45175984.96LANCASHIRE POLICE FEDERATION,1
Building Cleaning Contract (External),45175,105569.45000000007,LANCASHIRE COUNTY COUNCIL (200398),45175105569.45LANCASHIRE COUNTY COUNCIL (200398),45175105569.45LANCASHIRE COUNTY COUNCIL (200398),1
Police  - Additional Cleaning,45175,8798.86,LANCASHIRE COUNTY COUNCIL (200398),451758798.86LANCASHIRE COUNTY COUNCIL (200398),451758798.86LANCASHIRE COUNTY COUNCIL (200398),1
Police Reactive Maintenance - Building Services,45175,649.97,JAMES HARGREAVES (PLUMBERS' MERCHANTS) LTD,45175649.97JAMES HARGREAVES (PLUMBERS' MERCHANTS) LTD,45175649.97JAMES HARGREAVES (PLUMBERS' MERCHANTS) LTD,1
Police - Horse Expenses,45175,529.28,ANIMAL RELATED SERVICES,45175529.28ANIMAL RELATED SERVICES,45175529.28ANIMAL RELATED SERVICES,1
Police - Trainer/Lecturer Fees,45175,1680,ENLIGHTEN TRAINING & CONSULTANCY LTD,451751680ENLIGHTEN TRAINING & CONSULTANCY LTD,451751680ENLIGHTEN TRAINING & CONSULTANCY LTD,1
Police - Trainer/Lecturer Fees,45175,1400,ENLIGHTEN TRAINING & CONSULTANCY LTD,451751400ENLIGHTEN TRAINING & CONSULTANCY LTD,451751400ENLIGHTEN TRAINING & CONSULTANCY LTD,1
Agency Staff,45175,675,DRS. DIRECT,45175675DRS. DIRECT,45175675DRS. DIRECT,1
Police - Other Investigative Expenses,45175,585,DR STUART BRODY,45175585DR STUART BRODY,45175585DR STUART BRODY,1
Consolidated invoice suspense,45175,1291.77,CLARITY TRAVEL LIMITED,451751291.77CLARITY TRAVEL LIMITED,451751291.77CLARITY TRAVEL LIMITED,1
Consolidated invoice suspense,45175,3585.21,CLARITY TRAVEL LIMITED,451753585.21CLARITY TRAVEL LIMITED,451753585.21CLARITY TRAVEL LIMITED,1
Hire of Transport,45175,679.9300000000001,CAR-PORT UK,45175679.93CAR-PORT UK,45175679.93CAR-PORT UK,1
Hire of Transport,45175,783,CAR-PORT UK,45175783CAR-PORT UK,45175783CAR-PORT UK,2
Hire of Transport,45175,4437,CAR-PORT UK,451754437CAR-PORT UK,451754437CAR-PORT UK,1
Hire of Transport,45175,783,CAR-PORT UK,45175783CAR-PORT UK,45175783CAR-PORT UK,2
Exchange Phones,45175,6954.969999999999,BT UK BUSINESS ACCOUNTS,451756954.97BT UK BUSINESS ACCOUNTS,451756954.97BT UK BUSINESS ACCOUNTS,1
Police - Exchanges Phones - Call Charges,45175,2185.09,BT UK BUSINESS ACCOUNTS,451752185.09BT UK BUSINESS ACCOUNTS,451752185.09BT UK BUSINESS ACCOUNTS,1
Exchange Phones,45175,2345.73,BT UK BUSINESS ACCOUNTS,451752345.73BT UK BUSINESS ACCOUNTS,451752345.73BT UK BUSINESS ACCOUNTS,1
Exchange Phones,45175,705.54,BT UK BUSINESS ACCOUNTS,45175705.54BT UK BUSINESS ACCOUNTS,45175705.54BT UK BUSINESS ACCOUNTS,1
Exchange Phones,45175,2656.69,BT UK BUSINESS ACCOUNTS,451752656.69BT UK BUSINESS ACCOUNTS,451752656.69BT UK BUSINESS ACCOUNTS,1
Police - Other Specialist Operational Equipment,45175,2716,ARCO LTD,451752716ARCO LTD,451752716ARCO LTD,1
Police - Detained Persons - Meals / Refreshments,45175,2272.9,BIDFOOD,451752272.9BIDFOOD,451752272.9BIDFOOD,1
Lump Sum,45175,1713.27,AVC WISE LTD,451751713.27AVC WISE LTD,451751713.27AVC WISE LTD,1
Police Reactive Maintenance - Building Fabric,45175,3762,ASHTON JOINERY & BUILDING SERVICES LTD,451753762ASHTON JOINERY & BUILDING SERVICES LTD,451753762ASHTON JOINERY & BUILDING SERVICES LTD,1
Vehicle Purchase,45177,18903.84,VOLKSWAGEN GROUP UNITED KINGDOM LTD,4517718903.84VOLKSWAGEN GROUP UNITED KINGDOM LTD,4517718903.84VOLKSWAGEN GROUP UNITED KINGDOM LTD,2
Vehicle Purchase,45177,18903.84,VOLKSWAGEN GROUP UNITED KINGDOM LTD,4517718903.84VOLKSWAGEN GROUP UNITED KINGDOM LTD,4517718903.84VOLKSWAGEN GROUP UNITED KINGDOM LTD,2
Vehicle Purchase,45177,14688.79,VOLKSWAGEN GROUP UNITED KINGDOM LTD,4517714688.79VOLKSWAGEN GROUP UNITED KINGDOM LTD,4517714688.79VOLKSWAGEN GROUP UNITED KINGDOM LTD,1
Catering Service (External),45177,921.81,TURNER PRICE LTD,45177921.81TURNER PRICE LTD,45177921.81TURNER PRICE LTD,1
Catering Service (External),45177,2109.73,TURNER PRICE LTD,451772109.73TURNER PRICE LTD,451772109.73TURNER PRICE LTD,1
Computer Licences,45177,34958,THIRD PARTY SUPPLIER,4517734958THIRD PARTY SUPPLIER,4517734958THIRD PARTY SUPPLIER,1
Computer Licences,45177,38558,THIRD PARTY SUPPLIER,4517738558THIRD PARTY SUPPLIER,4517738558THIRD PARTY SUPPLIER,1
Window Cleaning,45177,731.78,THIRD PARTY SUPPLIER,45177731.78THIRD PARTY SUPPLIER,45177731.78THIRD PARTY SUPPLIER,1
Computer Hardware,45177,950.83,THIRD PARTY SUPPLIER,45177950.83THIRD PARTY SUPPLIER,45177950.83THIRD PARTY SUPPLIER,1
IT Consultancy,45177,5186.86,THIRD PARTY SUPPLIER,451775186.86THIRD PARTY SUPPLIER,451775186.86THIRD PARTY SUPPLIER,1
Computer Equipment (Hardware),45177,1482.43,THIRD PARTY SUPPLIER,451771482.43THIRD PARTY SUPPLIER,451771482.43THIRD PARTY SUPPLIER,1
Agency Staff,45177,727.5,ACHIEVA GROUP LTD,45177727.5ACHIEVA GROUP LTD,45177727.5ACHIEVA GROUP LTD,1
Police - Statutory Maintenance,45177,2928,STONE TECHNICAL SERVICES GROUP LTD,451772928STONE TECHNICAL SERVICES GROUP LTD,451772928STONE TECHNICAL SERVICES GROUP LTD,1
Police - Health & Safety - Occ Health,45177,750,ST JAMES MEDICAL CENTRE,45177750ST JAMES MEDICAL CENTRE,45177750ST JAMES MEDICAL CENTRE,1
Agency Staff - Supply Teaching Staff,45177,579.88,ADECCO UK LTD,45177579.88ADECCO UK LTD,45177579.88ADECCO UK LTD,1
Agency Staff - Supply Teaching Staff,45177,838.83,ADECCO UK LTD,45177838.83ADECCO UK LTD,45177838.83ADECCO UK LTD,1
Agency Staff - Supply Teaching Staff,45177,569.53,ADECCO UK LTD,45177569.53ADECCO UK LTD,45177569.53ADECCO UK LTD,2
Agency Staff - Supply Teaching Staff,45177,569.53,ADECCO UK LTD,45177569.53ADECCO UK LTD,45177569.53ADECCO UK LTD,2
Equipment General,45177,934.4300000000001,SCENESAFE,45177934.43SCENESAFE,45177934.43SCENESAFE,1
Police - Scientific Support Equipment,45177,1360,SCENESAFE,451771360SCENESAFE,451771360SCENESAFE,1
Computer Equipment (Hardware),45177,19173.94,SCC,4517719173.94SCC,4517719173.94SCC,1
ICT Stock / Stores,45177,643.12,SCC,45177643.12SCC,45177643.12SCC,1
Postage & Carriage,45177,3979.27,ROYAL MAIL NW & NW,451773979.27ROYAL MAIL NW & NW,451773979.27ROYAL MAIL NW & NW,1
Postage & Carriage,45177,3667.46,ROYAL MAIL NW & NW,451773667.46ROYAL MAIL NW & NW,451773667.46ROYAL MAIL NW & NW,1
Consultant Fees,45177,5225,REED SPECIALIST RECRUITMENT LTD,451775225REED SPECIALIST RECRUITMENT LTD,451775225REED SPECIALIST RECRUITMENT LTD,2
Consultant Fees,45177,1351.54,REED SPECIALIST RECRUITMENT LTD,451771351.54REED SPECIALIST RECRUITMENT LTD,451771351.54REED SPECIALIST RECRUITMENT LTD,1
Consultant Fees,45177,5225,REED SPECIALIST RECRUITMENT LTD,451775225REED SPECIALIST RECRUITMENT LTD,451775225REED SPECIALIST RECRUITMENT LTD,2
Consultant Fees,45177,1175.62,REED SPECIALIST RECRUITMENT LTD,451771175.62REED SPECIALIST RECRUITMENT LTD,451771175.62REED SPECIALIST RECRUITMENT LTD,1
Police Reactive Maintenance - Building Fabric,45177,1380,RED ROSE BUILDING MAINTENANCE,451771380RED ROSE BUILDING MAINTENANCE,451771380RED ROSE BUILDING MAINTENANCE,1
Police Reactive Maintenance - Building Services,45177,4248.92,PREMIER OF LYTHAM  LTD,451774248.92PREMIER OF LYTHAM  LTD,451774248.92PREMIER OF LYTHAM  LTD,1
Police Reactive Maintenance - Building Fabric,45177,1332.69,PILKINGTON BROS (CHURCH) LTD,451771332.69PILKINGTON BROS (CHURCH) LTD,451771332.69PILKINGTON BROS (CHURCH) LTD,1
Window Cleaning,45177,989,PILKINGTON BROS (CHURCH) LTD,45177989PILKINGTON BROS (CHURCH) LTD,45177989PILKINGTON BROS (CHURCH) LTD,1
Police - Waste Collection Charges - Clinical,45177,688.44,PHS GROUP PLC,45177688.44PHS GROUP PLC,45177688.44PHS GROUP PLC,1
Police - Waste Collection Charges - Clinical,45177,561,PHS GROUP PLC,45177561PHS GROUP PLC,45177561PHS GROUP PLC,1
Grants to Other Bodies,45177,3600,PAC - POSITIVE ACTION IN THE COMMUNITY,451773600PAC - POSITIVE ACTION IN THE COMMUNITY,451773600PAC - POSITIVE ACTION IN THE COMMUNITY,1
Police - Other Third Party Payments,45177,512.47,OPCC NORFOLK,45177512.47OPCC NORFOLK,45177512.47OPCC NORFOLK,1
Equipment General,45177,769.99,NISBETS PLC,45177769.99NISBETS PLC,45177769.99NISBETS PLC,1
PCC Commissioning - Community Liason,45177,15000,NHS LANCASHIRE AND SOUTH CUMBRIA ICB,4517715000NHS LANCASHIRE AND SOUTH CUMBRIA ICB,4517715000NHS LANCASHIRE AND SOUTH CUMBRIA ICB,1
Training Expenses (External),45177,814,NDORS TRAINER,45177814NDORS TRAINER,45177814NDORS TRAINER,1
Training Expenses (External),45177,1760,NDORS TRAINER,451771760NDORS TRAINER,451771760NDORS TRAINER,1
Petrol,45177,36721.590000000004,ALLSTAR BUSINESS SOLUTIONS LTD [ARVAL PHH BUSINESS SOLUTIONS LTD],4517736721.59ALLSTAR BUSINESS SOLUTIONS LTD [ARVAL PHH BUSINESS SOLUTIONS LTD],4517736721.59ALLSTAR BUSINESS SOLUTIONS LTD [ARVAL PHH BUSINESS SOLUTIONS LTD],1
Petrol,45177,40856.63000000001,ALLSTAR BUSINESS SOLUTIONS LTD [ARVAL PHH BUSINESS SOLUTIONS LTD],4517740856.63ALLSTAR BUSINESS SOLUTIONS LTD [ARVAL PHH BUSINESS SOLUTIONS LTD],4517740856.63ALLSTAR BUSINESS SOLUTIONS LTD [ARVAL PHH BUSINESS SOLUTIONS LTD],1
Petrol,45177,37727.780000000006,ALLSTAR BUSINESS SOLUTIONS LTD [ARVAL PHH BUSINESS SOLUTIONS LTD],4517737727.78ALLSTAR BUSINESS SOLUTIONS LTD [ARVAL PHH BUSINESS SOLUTIONS LTD],4517737727.78ALLSTAR BUSINESS SOLUTIONS LTD [ARVAL PHH BUSINESS SOLUTIONS LTD],1
Petrol,45177,39402.83,ALLSTAR BUSINESS SOLUTIONS LTD [ARVAL PHH BUSINESS SOLUTIONS LTD],4517739402.83ALLSTAR BUSINESS SOLUTIONS LTD [ARVAL PHH BUSINESS SOLUTIONS LTD],4517739402.83ALLSTAR BUSINESS SOLUTIONS LTD [ARVAL PHH BUSINESS SOLUTIONS LTD],1
Police - Other Third Party Payments,45177,1296.4299999999998,NATIONAL CRIME AGENCY,451771296.43NATIONAL CRIME AGENCY,451771296.43NATIONAL CRIME AGENCY,1
Equipment General,45177,2925,MICHAEL LUPTON ASSOCIATES LTD,451772925MICHAEL LUPTON ASSOCIATES LTD,451772925MICHAEL LUPTON ASSOCIATES LTD,1
Clothing & Uniform,45177,4083.83,ALTBERG LTD,451774083.83ALTBERG LTD,451774083.83ALTBERG LTD,1
Vehicle & Plant R&M (External),45177,845,K N TRANSMISSIONS,45177845K N TRANSMISSIONS,45177845K N TRANSMISSIONS,1
Waste Collection Charges,45177,720,JACKSON SKIPS & RECYCLING LTD,45177720JACKSON SKIPS & RECYCLING LTD,45177720JACKSON SKIPS & RECYCLING LTD,1
Police - Surgeons,45177,134904.24,HCRG MEDICAL SERVICES,45177134904.24HCRG MEDICAL SERVICES,45177134904.24HCRG MEDICAL SERVICES,1
Police - Tyres,45177,18854.96,GOODYEAR SSC,4517718854.96GOODYEAR SSC,4517718854.96GOODYEAR SSC,1
Police - Tyres,45177,17237.16,GOODYEAR SSC,4517717237.16GOODYEAR SSC,4517717237.16GOODYEAR SSC,1
Police - Other Investigative Expenses,45177,875,COSSLETT AND BARR LTD,45177875COSSLETT AND BARR LTD,45177875COSSLETT AND BARR LTD,1
Police - Detained Persons - Other Expenses,45177,870,CHARLES FELLOWS SUPPLIES LTD,45177870CHARLES FELLOWS SUPPLIES LTD,45177870CHARLES FELLOWS SUPPLIES LTD,1
Police - Detained Persons - Other Expenses,45177,3267,CHARLES FELLOWS SUPPLIES LTD,451773267CHARLES FELLOWS SUPPLIES LTD,451773267CHARLES FELLOWS SUPPLIES LTD,1
Vehicle & Plant R&M (External),45177,605.18,AP FLEET SERVICES LTD,45177605.18AP FLEET SERVICES LTD,45177605.18AP FLEET SERVICES LTD,1
Police - Other Third Party Payments,45177,3017.5,BLACKPOOL FC COMMUNITY TRUST,451773017.5BLACKPOOL FC COMMUNITY TRUST,451773017.5BLACKPOOL FC COMMUNITY TRUST,1
Police - Other Third Party Payments,45177,2966.65,BLACKPOOL FC COMMUNITY TRUST,451772966.65BLACKPOOL FC COMMUNITY TRUST,451772966.65BLACKPOOL FC COMMUNITY TRUST,1
Photocopying,45182,57289.049999999996,XEROX (UK) LTD,4518257289.05XEROX (UK) LTD,4518257289.05XEROX (UK) LTD,1
Police - Other Investigative Expenses,45182,1500,WEST MIDLANDS POLICE AUTHORITY,451821500WEST MIDLANDS POLICE AUTHORITY,451821500WEST MIDLANDS POLICE AUTHORITY,1
Police - Accreditation,45182,2802.25,UNITED KINGDOM ACCREDITATION SERVICE,451822802.25UNITED KINGDOM ACCREDITATION SERVICE,451822802.25UNITED KINGDOM ACCREDITATION SERVICE,1
Police - Accreditation,45182,2042.5,UNITED KINGDOM ACCREDITATION SERVICE,451822042.5UNITED KINGDOM ACCREDITATION SERVICE,451822042.5UNITED KINGDOM ACCREDITATION SERVICE,1
Catering Service (External),45182,556.69,TURNER PRICE LTD,45182556.69TURNER PRICE LTD,45182556.69TURNER PRICE LTD,1
Catering Service (External),45182,1536.6599999999999,TURNER PRICE LTD,451821536.66TURNER PRICE LTD,451821536.66TURNER PRICE LTD,1
Clothing & Uniform,45182,501,TOYE KENNING & SPENCER LTD,45182501TOYE KENNING & SPENCER LTD,45182501TOYE KENNING & SPENCER LTD,1
Catering Service (External),45182,660.97,TIFFIN SANDWICHES LTD,45182660.97TIFFIN SANDWICHES LTD,45182660.97TIFFIN SANDWICHES LTD,1
Catering Service (External),45182,635.3,TIFFIN SANDWICHES LTD,45182635.3TIFFIN SANDWICHES LTD,45182635.3TIFFIN SANDWICHES LTD,1
Works Fees (External),45182,39600,THIRD PARTY SUPPLIER,4518239600THIRD PARTY SUPPLIER,4518239600THIRD PARTY SUPPLIER,1
Computer Hardware,45182,1618.74,THIRD PARTY SUPPLIER,451821618.74THIRD PARTY SUPPLIER,451821618.74THIRD PARTY SUPPLIER,1
PCC Commissioning - Community Liason,45182,4750,THIRD PARTY SUPPLIER,451824750THIRD PARTY SUPPLIER,451824750THIRD PARTY SUPPLIER,1
Police - Pathologists Fees,45182,3074.47,THIRD PARTY FORENSIC SERVICES,451823074.47THIRD PARTY FORENSIC SERVICES,451823074.47THIRD PARTY FORENSIC SERVICES,1
Police - FSS,45182,11865.96,THIRD PARTY FORENSIC SERVICES,4518211865.96THIRD PARTY FORENSIC SERVICES,4518211865.96THIRD PARTY FORENSIC SERVICES,1
Police - FSS,45182,3942.79,THIRD PARTY FORENSIC SERVICES,451823942.79THIRD PARTY FORENSIC SERVICES,451823942.79THIRD PARTY FORENSIC SERVICES,1
Police - FSS,45182,8445.84,THIRD PARTY FORENSIC SERVICES,451828445.84THIRD PARTY FORENSIC SERVICES,451828445.84THIRD PARTY FORENSIC SERVICES,1
Police - FSS,45182,9112.84,THIRD PARTY FORENSIC SERVICES,451829112.84THIRD PARTY FORENSIC SERVICES,451829112.84THIRD PARTY FORENSIC SERVICES,1
Clothing & Uniform,45182,4480,TAILORED IMAGE LTD,451824480TAILORED IMAGE LTD,451824480TAILORED IMAGE LTD,1
Clothing & Uniform,45182,2800,TAILORED IMAGE LTD,451822800TAILORED IMAGE LTD,451822800TAILORED IMAGE LTD,1
Police - Health & Safety - Occ Health,45182,1200,ST JAMES MEDICAL CENTRE,451821200ST JAMES MEDICAL CENTRE,451821200ST JAMES MEDICAL CENTRE,1
Police - Planned Preventative Maintenance,45182,4320,SPECIALIST POWER SYSTEMS LTD,451824320SPECIALIST POWER SYSTEMS LTD,451824320SPECIALIST POWER SYSTEMS LTD,1
Police - Scientific Support Equipment,45182,699.3000000000001,SHIMADZU UK LTD,45182699.3SHIMADZU UK LTD,45182699.3SHIMADZU UK LTD,1
Agency Staff,45182,517.75,ADECCO UK LTD,45182517.75ADECCO UK LTD,45182517.75ADECCO UK LTD,1
Agency Staff,45182,652.37,ADECCO UK LTD,45182652.37ADECCO UK LTD,45182652.37ADECCO UK LTD,1
Agency Staff,45182,573.46,ADECCO UK LTD,45182573.46ADECCO UK LTD,45182573.46ADECCO UK LTD,1
Agency Staff,45182,1221.39,ADECCO UK LTD,451821221.39ADECCO UK LTD,451821221.39ADECCO UK LTD,1
Agency Staff,45182,683.43,ADECCO UK LTD,45182683.43ADECCO UK LTD,45182683.43ADECCO UK LTD,1
Agency Staff,45182,1184.15,ADECCO UK LTD,451821184.15ADECCO UK LTD,451821184.15ADECCO UK LTD,1
Equipment General,45182,1211.85,SCENESAFE,451821211.85SCENESAFE,451821211.85SCENESAFE,1
Computer Software,45182,7547.77,SCC,451827547.77SCC,451827547.77SCC,1
Training Expenses (External),45182,3920,SANCUS OPERATIONS LTD,451823920SANCUS OPERATIONS LTD,451823920SANCUS OPERATIONS LTD,1
Waste Collection Charges,45182,2695,SAME DAY PLC GUARDIAN SERVICES,451822695SAME DAY PLC GUARDIAN SERVICES,451822695SAME DAY PLC GUARDIAN SERVICES,1
Consolidated invoice suspense,45182,121791.07,REED SPECIALIST RECRUITMENT LTD,45182121791.07REED SPECIALIST RECRUITMENT LTD,45182121791.07REED SPECIALIST RECRUITMENT LTD,1
Police - Other Third Party Payments,45182,3187.26,AFC FYLDE COMMUNITY FOUNDATION,451823187.26AFC FYLDE COMMUNITY FOUNDATION,451823187.26AFC FYLDE COMMUNITY FOUNDATION,1
Police - Other Third Party Payments,45182,3163.67,AFC FYLDE COMMUNITY FOUNDATION,451823163.67AFC FYLDE COMMUNITY FOUNDATION,451823163.67AFC FYLDE COMMUNITY FOUNDATION,1
Police - Telecom Forensics,45182,1085,PAYPOINT NETWORKS LTD,451821085PAYPOINT NETWORKS LTD,451821085PAYPOINT NETWORKS LTD,1
Agency Staff,45182,1772.93,OCCUPATIONAL HEALTH STAFFING LTD,451821772.93OCCUPATIONAL HEALTH STAFFING LTD,451821772.93OCCUPATIONAL HEALTH STAFFING LTD,1
Training Expenses (External),45182,1120,NDORS TRAINER,451821120NDORS TRAINER,451821120NDORS TRAINER,1
Training Expenses (External),45182,807,NDORS TRAINER,45182807NDORS TRAINER,45182807NDORS TRAINER,1
Training Expenses (External),45182,640,NDORS TRAINER,45182640NDORS TRAINER,45182640NDORS TRAINER,1
Training Expenses (External),45182,1461,NDORS TRAINER,451821461NDORS TRAINER,451821461NDORS TRAINER,1
Training Expenses (External),45182,647,NDORS TRAINER,45182647NDORS TRAINER,45182647NDORS TRAINER,1
Clothing & Uniform,45182,2887.5,MWUK Ltd T/AS YAFFY,451822887.5MWUK Ltd T/AS YAFFY,451822887.5MWUK Ltd T/AS YAFFY,1
Clothing & Uniform,45182,1103.62,MICHAEL LUPTON ASSOCIATES LTD,451821103.62MICHAEL LUPTON ASSOCIATES LTD,451821103.62MICHAEL LUPTON ASSOCIATES LTD,1
Police - Collaboration Regional Courier Service,45182,5149,MERSEYSIDE POLICE AUTHORITY,451825149MERSEYSIDE POLICE AUTHORITY,451825149MERSEYSIDE POLICE AUTHORITY,1
Police - Scientific Support Equipment,45182,1003.1,MERCK LIFE SCIENCE UK LTD (FORMALLY SIGMA-ALDRICH CO LTD),451821003.1MERCK LIFE SCIENCE UK LTD (FORMALLY SIGMA-ALDRICH CO LTD),451821003.1MERCK LIFE SCIENCE UK LTD (FORMALLY SIGMA-ALDRICH CO LTD),1
Police - Horse Expenses,45182,935.28,JOHN ROBERTS ASSOCIATES LTD,45182935.28JOHN ROBERTS ASSOCIATES LTD,45182935.28JOHN ROBERTS ASSOCIATES LTD,1
Police - Counsel Fees,45182,675,JJ ARMSTRONG,45182675JJ ARMSTRONG,45182675JJ ARMSTRONG,1
Vehicle & Plant R&M (External),45182,1183.14,JAMES ALPE LTD,451821183.14JAMES ALPE LTD,451821183.14JAMES ALPE LTD,2
Vehicle & Plant R&M (External),45182,1183.14,JAMES ALPE LTD,451821183.14JAMES ALPE LTD,451821183.14JAMES ALPE LTD,2
Vehicle & Plant R&M (External),45182,1178.56,HALFORDS,451821178.56HALFORDS,451821178.56HALFORDS,1
Vehicle Purchase,45182,24572.57,FORD MOTOR CO LTD,4518224572.57FORD MOTOR CO LTD,4518224572.57FORD MOTOR CO LTD,20
Vehicle Purchase,45182,24572.57,FORD MOTOR CO LTD,4518224572.57FORD MOTOR CO LTD,4518224572.57FORD MOTOR CO LTD,20
Vehicle Purchase,45182,24572.57,FORD MOTOR CO LTD,4518224572.57FORD MOTOR CO LTD,4518224572.57FORD MOTOR CO LTD,20
Vehicle Purchase,45182,24572.57,FORD MOTOR CO LTD,4518224572.57FORD MOTOR CO LTD,4518224572.57FORD MOTOR CO LTD,20
Vehicle Purchase,45182,24572.57,FORD MOTOR CO LTD,4518224572.57FORD MOTOR CO LTD,4518224572.57FORD MOTOR CO LTD,20
Vehicle Purchase,45182,24572.57,FORD MOTOR CO LTD,4518224572.57FORD MOTOR CO LTD,4518224572.57FORD MOTOR CO LTD,20
Vehicle Purchase,45182,24572.57,FORD MOTOR CO LTD,4518224572.57FORD MOTOR CO LTD,4518224572.57FORD MOTOR CO LTD,20
Vehicle Purchase,45182,24572.57,FORD MOTOR CO LTD,4518224572.57FORD MOTOR CO LTD,4518224572.57FORD MOTOR CO LTD,20
Vehicle Purchase,45182,24572.57,FORD MOTOR CO LTD,4518224572.57FORD MOTOR CO LTD,4518224572.57FORD MOTOR CO LTD,20
Vehicle Purchase,45182,24572.57,FORD MOTOR CO LTD,4518224572.57FORD MOTOR CO LTD,4518224572.57FORD MOTOR CO LTD,20
Vehicle Purchase,45182,24572.57,FORD MOTOR CO LTD,4518224572.57FORD MOTOR CO LTD,4518224572.57FORD MOTOR CO LTD,20
Vehicle Purchase,45182,24572.57,FORD MOTOR CO LTD,4518224572.57FORD MOTOR CO LTD,4518224572.57FORD MOTOR CO LTD,20
Vehicle Purchase,45182,24572.57,FORD MOTOR CO LTD,4518224572.57FORD MOTOR CO LTD,4518224572.57FORD MOTOR CO LTD,20
Vehicle Purchase,45182,35095.5,FORD MOTOR CO LTD,4518235095.5FORD MOTOR CO LTD,4518235095.5FORD MOTOR CO LTD,1
Vehicle Purchase,45182,24572.57,FORD MOTOR CO LTD,4518224572.57FORD MOTOR CO LTD,4518224572.57FORD MOTOR CO LTD,20
Vehicle Purchase,45182,24572.57,FORD MOTOR CO LTD,4518224572.57FORD MOTOR CO LTD,4518224572.57FORD MOTOR CO LTD,20
Vehicle Purchase,45182,24572.57,FORD MOTOR CO LTD,4518224572.57FORD MOTOR CO LTD,4518224572.57FORD MOTOR CO LTD,20
Vehicle Purchase,45182,24572.57,FORD MOTOR CO LTD,4518224572.57FORD MOTOR CO LTD,4518224572.57FORD MOTOR CO LTD,20
Vehicle Purchase,45182,24572.57,FORD MOTOR CO LTD,4518224572.57FORD MOTOR CO LTD,4518224572.57FORD MOTOR CO LTD,20
Vehicle Purchase,45182,24572.57,FORD MOTOR CO LTD,4518224572.57FORD MOTOR CO LTD,4518224572.57FORD MOTOR CO LTD,20
Vehicle Purchase,45182,24572.57,FORD MOTOR CO LTD,4518224572.57FORD MOTOR CO LTD,4518224572.57FORD MOTOR CO LTD,20
Police - Other Third Party Payments,45182,1910,FLEETWOOD TOWN COMMUNITY,451821910FLEETWOOD TOWN COMMUNITY,451821910FLEETWOOD TOWN COMMUNITY,2
Police - Other Third Party Payments,45182,2000,FLEETWOOD TOWN COMMUNITY,451822000FLEETWOOD TOWN COMMUNITY,451822000FLEETWOOD TOWN COMMUNITY,2
Police - Other Third Party Payments,45182,2785,FLEETWOOD TOWN COMMUNITY,451822785FLEETWOOD TOWN COMMUNITY,451822785FLEETWOOD TOWN COMMUNITY,2
Police - Other Third Party Payments,45182,2460,FLEETWOOD TOWN COMMUNITY,451822460FLEETWOOD TOWN COMMUNITY,451822460FLEETWOOD TOWN COMMUNITY,2
Police - Other Third Party Payments,45182,2000,FLEETWOOD TOWN COMMUNITY,451822000FLEETWOOD TOWN COMMUNITY,451822000FLEETWOOD TOWN COMMUNITY,2
Police - Other Third Party Payments,45182,2460,FLEETWOOD TOWN COMMUNITY,451822460FLEETWOOD TOWN COMMUNITY,451822460FLEETWOOD TOWN COMMUNITY,2
Police - Other Third Party Payments,45182,1910,FLEETWOOD TOWN COMMUNITY,451821910FLEETWOOD TOWN COMMUNITY,451821910FLEETWOOD TOWN COMMUNITY,2
Police - Other Third Party Payments,45182,2785,FLEETWOOD TOWN COMMUNITY,451822785FLEETWOOD TOWN COMMUNITY,451822785FLEETWOOD TOWN COMMUNITY,2
Equipment General,45182,517.91,FISHER SCIENTIFIC UK LTD,45182517.91FISHER SCIENTIFIC UK LTD,45182517.91FISHER SCIENTIFIC UK LTD,1
Equipment General,45182,767.03,FISHER SCIENTIFIC UK LTD,45182767.03FISHER SCIENTIFIC UK LTD,45182767.03FISHER SCIENTIFIC UK LTD,1
Police - Dog Expenses,45182,2415.5,ANIMAL RELATED SERVICES,451822415.5ANIMAL RELATED SERVICES,451822415.5ANIMAL RELATED SERVICES,1
Agency Staff,45182,697.5,DRS. DIRECT,45182697.5DRS. DIRECT,45182697.5DRS. DIRECT,1
Police - Other Third Party Payments,45182,2915.02,CLARETS IN THE COMMUNITY LTD,451822915.02CLARETS IN THE COMMUNITY LTD,451822915.02CLARETS IN THE COMMUNITY LTD,1
Police - Other Third Party Payments,45182,2970,CLARETS IN THE COMMUNITY LTD,451822970CLARETS IN THE COMMUNITY LTD,451822970CLARETS IN THE COMMUNITY LTD,1
Police - Other Third Party Payments,45182,2855.18,CLARETS IN THE COMMUNITY LTD,451822855.18CLARETS IN THE COMMUNITY LTD,451822855.18CLARETS IN THE COMMUNITY LTD,1
Police - FSS,45182,2814.9,CELLMARK,451822814.9CELLMARK,451822814.9CELLMARK,1
Police - FSS,45182,2658.7,CELLMARK,451822658.7CELLMARK,451822658.7CELLMARK,1
Police - FSS,45182,6938.47,CELLMARK,451826938.47CELLMARK,451826938.47CELLMARK,1
Police - Other Third Party Payments,45182,2966.65,BLACKPOOL FC COMMUNITY TRUST,451822966.65BLACKPOOL FC COMMUNITY TRUST,451822966.65BLACKPOOL FC COMMUNITY TRUST,2
Police - Other Third Party Payments,45182,2966.65,BLACKPOOL FC COMMUNITY TRUST,451822966.65BLACKPOOL FC COMMUNITY TRUST,451822966.65BLACKPOOL FC COMMUNITY TRUST,2
Police - Other Third Party Payments,45182,3034.1,BLACKPOOL FC COMMUNITY TRUST,451823034.1BLACKPOOL FC COMMUNITY TRUST,451823034.1BLACKPOOL FC COMMUNITY TRUST,1
Police - Other Third Party Payments,45182,3093.69,BLACKPOOL FC COMMUNITY TRUST,451823093.69BLACKPOOL FC COMMUNITY TRUST,451823093.69BLACKPOOL FC COMMUNITY TRUST,1
Waste Collection Charges,45182,673.69,BIFFA WASTE SERVICES LTD,45182673.69BIFFA WASTE SERVICES LTD,45182673.69BIFFA WASTE SERVICES LTD,1
Waste Collection Charges,45182,2752.399999999999,BIFFA WASTE SERVICES LTD,451822752.4BIFFA WASTE SERVICES LTD,451822752.4BIFFA WASTE SERVICES LTD,1
Police - Detained Persons - Meals / Refreshments,45182,1135,BIDFOOD,451821135BIDFOOD,451821135BIDFOOD,1
Clothing & Uniform,45182,2856,BENNETT SAFETYWEAR LIMITED,451822856BENNETT SAFETYWEAR LIMITED,451822856BENNETT SAFETYWEAR LIMITED,1
Clothing & Uniform,45182,3183,B K S LEATHER,451823183B K S LEATHER,451823183B K S LEATHER,1
Equipment General,45182,5450.5,AVR GROUP LIMITED,451825450.5AVR GROUP LIMITED,451825450.5AVR GROUP LIMITED,1
Clothing & Uniform,45184,2029,WHITTAN INDUSTRIAL LTD (FORMERLY LINK51),451842029WHITTAN INDUSTRIAL LTD (FORMERLY LINK51),451842029WHITTAN INDUSTRIAL LTD (FORMERLY LINK51),1
Training Expenses (External),45184,200557,UKROED LTD,45184200557UKROED LTD,45184200557UKROED LTD,1
Catering Service (External),45184,508.08000000000004,TURNER PRICE LTD,45184508.08TURNER PRICE LTD,45184508.08TURNER PRICE LTD,1
Catering Service (External),45184,1454.51,TURNER PRICE LTD,451841454.51TURNER PRICE LTD,451841454.51TURNER PRICE LTD,1
Catering Service (External),45184,500.27,TURNER PRICE LTD,45184500.27TURNER PRICE LTD,45184500.27TURNER PRICE LTD,1
Computer Hardware,45184,1896,THIRD PARTY SUPPLIER,451841896THIRD PARTY SUPPLIER,451841896THIRD PARTY SUPPLIER,1
Police - Other Third Party Payments,45184,521.32,THIRD PARTY SUPPLIER,45184521.32THIRD PARTY SUPPLIER,45184521.32THIRD PARTY SUPPLIER,1
Computer Equipment (Hardware),45184,13966.71,THIRD PARTY SUPPLIER,4518413966.71THIRD PARTY SUPPLIER,4518413966.71THIRD PARTY SUPPLIER,1
Computer Equipment (Hardware),45184,97750,THIRD PARTY SUPPLIER,4518497750THIRD PARTY SUPPLIER,4518497750THIRD PARTY SUPPLIER,1
Equipment General,45184,2623.2,SUPPORT LOGISTICS EUROPE LTD T/S UK TACTICAL,451842623.2SUPPORT LOGISTICS EUROPE LTD T/S UK TACTICAL,451842623.2SUPPORT LOGISTICS EUROPE LTD T/S UK TACTICAL,1
Police - Other Specialist Operational Equipment,45184,1576.22,SHIELD INTERNATIONAL LTD,451841576.22SHIELD INTERNATIONAL LTD,451841576.22SHIELD INTERNATIONAL LTD,1
Equipment General,45184,1004.83,SCENESAFE,451841004.83SCENESAFE,451841004.83SCENESAFE,1
Equipment General,45184,574.24,SCENESAFE,45184574.24SCENESAFE,45184574.24SCENESAFE,1
Police - Qualification Training,45184,1276,RUNSHAW COLLEGE,451841276RUNSHAW COLLEGE,451841276RUNSHAW COLLEGE,1
Postage & Carriage,45184,3832.98,ROYAL MAIL NW & NW,451843832.98ROYAL MAIL NW & NW,451843832.98ROYAL MAIL NW & NW,1
Equipment General,45184,519.13,PRESERVATION EQUIPMENT LTD,45184519.13PRESERVATION EQUIPMENT LTD,45184519.13PRESERVATION EQUIPMENT LTD,1
Stationery,45184,1056.85,AGIITO LTD (FORMALLY CAPITA TRAVEL & EVENTS LTD),451841056.85AGIITO LTD (FORMALLY CAPITA TRAVEL & EVENTS LTD),451841056.85AGIITO LTD (FORMALLY CAPITA TRAVEL & EVENTS LTD),1
Computer Licences,45184,700,AI TRAINING SERVICES LTD,45184700AI TRAINING SERVICES LTD,45184700AI TRAINING SERVICES LTD,1
Police Reactive Maintenance - Building Fabric,45184,535.43,PILKINGTON BROS (CHURCH) LTD,45184535.43PILKINGTON BROS (CHURCH) LTD,45184535.43PILKINGTON BROS (CHURCH) LTD,1
Police - Statutory Maintenance,45184,3300,PHS COMPLIANCE,451843300PHS COMPLIANCE,451843300PHS COMPLIANCE,1
Agency Staff,45184,877.05,OCCUPATIONAL HEALTH STAFFING LTD,45184877.05OCCUPATIONAL HEALTH STAFFING LTD,45184877.05OCCUPATIONAL HEALTH STAFFING LTD,1
Training Expenses (External),45184,1120,NDORS TRAINER,451841120NDORS TRAINER,451841120NDORS TRAINER,1
Training Expenses (External),45184,1360,NDORS TRAINER,451841360NDORS TRAINER,451841360NDORS TRAINER,1
Training Expenses (External),45184,1040,NDORS TRAINER,451841040NDORS TRAINER,451841040NDORS TRAINER,1
Training Expenses (External),45184,800,NDORS TRAINER,45184800NDORS TRAINER,45184800NDORS TRAINER,1
Police - Counsel Fees,45184,525,MR MATTHEW HOLDCROFT,45184525MR MATTHEW HOLDCROFT,45184525MR MATTHEW HOLDCROFT,1
Police - Other Third Party Payments,45184,8975.83,MAYOR'S OFFICE FOR POLICING & CRIME (MET POLICE AUTH),451848975.83MAYOR'S OFFICE FOR POLICING & CRIME (MET POLICE AUTH),451848975.83MAYOR'S OFFICE FOR POLICING & CRIME (MET POLICE AUTH),1
Computer Maintenance,45184,9470,LEICA GEOSYSTEMS LTD,451849470LEICA GEOSYSTEMS LTD,451849470LEICA GEOSYSTEMS LTD,1
Computer Maintenance,45184,4190,LEICA GEOSYSTEMS LTD,451844190LEICA GEOSYSTEMS LTD,451844190LEICA GEOSYSTEMS LTD,1
Equipment,45184,8639.5,KEYPLUS SECURITY LTD,451848639.5KEYPLUS SECURITY LTD,451848639.5KEYPLUS SECURITY LTD,1
Police - Counsel Fees,45184,1300,JOHN BEGGS QC,451841300JOHN BEGGS QC,451841300JOHN BEGGS QC,1
Police - Counsel Fees,45184,1900,JOHN BEGGS QC,451841900JOHN BEGGS QC,451841900JOHN BEGGS QC,1
Police - Counsel Fees,45184,900,JOHN BEGGS QC,45184900JOHN BEGGS QC,45184900JOHN BEGGS QC,1
Police - Other Third Party Payments,45184,1199.04,JNE SECURITY LTD,451841199.04JNE SECURITY LTD,451841199.04JNE SECURITY LTD,1
Police - Media Campaigns,45184,3900,HECKFORD PRINTERS LTD,451843900HECKFORD PRINTERS LTD,451843900HECKFORD PRINTERS LTD,1
Police -Stray / Dangerous Animals,45184,612.93,ANIMAL RELATED SERVICES,45184612.93ANIMAL RELATED SERVICES,45184612.93ANIMAL RELATED SERVICES,1
Police - Firearms Ammunition,45184,6949.8,EDGAR BROTHERS,451846949.8EDGAR BROTHERS,451846949.8EDGAR BROTHERS,1
Consolidated invoice suspense,45184,20080.379999999997,CORONA ENERGY,4518420080.38CORONA ENERGY,4518420080.38CORONA ENERGY,1
Police - Counsel Fees,45184,600,COBDEN HOUSE CHAMBERS,45184600COBDEN HOUSE CHAMBERS,45184600COBDEN HOUSE CHAMBERS,1
Vehicle & Plant R&M (External),45184,2728.1,AP FLEET SERVICES LTD,451842728.1AP FLEET SERVICES LTD,451842728.1AP FLEET SERVICES LTD,1
Police - Other Third Party Payments,45184,3063.2200000000003,BLACKPOOL FC COMMUNITY TRUST,451843063.22BLACKPOOL FC COMMUNITY TRUST,451843063.22BLACKPOOL FC COMMUNITY TRUST,1
Police - Detained Persons - Meals / Refreshments,45184,1624.56,BIDFOOD,451841624.56BIDFOOD,451841624.56BIDFOOD,1
Hire of Transport,45184,538.44,ARNOLD CLARK CAR & VAN RENTAL,45184538.44ARNOLD CLARK CAR & VAN RENTAL,45184538.44ARNOLD CLARK CAR & VAN RENTAL,1
Stationery,45189,2500,VOODOO AGENCY,451892500VOODOO AGENCY,451892500VOODOO AGENCY,1
Vehicle Purchase,45189,29546.870000000003,VOLVO CAR UK LTD,4518929546.87VOLVO CAR UK LTD,4518929546.87VOLVO CAR UK LTD,2
Vehicle Purchase,45189,31095.5,VOLVO CAR UK LTD,4518931095.5VOLVO CAR UK LTD,4518931095.5VOLVO CAR UK LTD,1
Vehicle Purchase,45189,29546.870000000006,VOLVO CAR UK LTD,4518929546.87VOLVO CAR UK LTD,4518929546.87VOLVO CAR UK LTD,2
Police - Private Wires,45189,2904,VIRGIN MEDIA BUSINESS LTD,451892904VIRGIN MEDIA BUSINESS LTD,451892904VIRGIN MEDIA BUSINESS LTD,1
Catering Service (External),45189,792.5600000000001,TURNER PRICE LTD,45189792.56TURNER PRICE LTD,45189792.56TURNER PRICE LTD,1
Catering Service (External),45189,1291.11,TURNER PRICE LTD,451891291.11TURNER PRICE LTD,451891291.11TURNER PRICE LTD,1
Catering Service (External),45189,596.95,TURNER PRICE LTD,45189596.95TURNER PRICE LTD,45189596.95TURNER PRICE LTD,1
Catering Service (External),45189,760.24,TIFFIN SANDWICHES LTD,45189760.24TIFFIN SANDWICHES LTD,45189760.24TIFFIN SANDWICHES LTD,1
Subsistence,45189,792,THIRD PARTY SUPPLIER,45189792THIRD PARTY SUPPLIER,45189792THIRD PARTY SUPPLIER,1
Telecommunications Equipment,45189,2391.7,THIRD PARTY SUPPLIER,451892391.7THIRD PARTY SUPPLIER,451892391.7THIRD PARTY SUPPLIER,1
Police - Other Third Party Payments,45189,3280,ACCRINGTON STANLEY COMMUNITY TRUST,451893280ACCRINGTON STANLEY COMMUNITY TRUST,451893280ACCRINGTON STANLEY COMMUNITY TRUST,1
Police - Other Third Party Payments,45189,2873.98,ACCRINGTON STANLEY COMMUNITY TRUST,451892873.98ACCRINGTON STANLEY COMMUNITY TRUST,451892873.98ACCRINGTON STANLEY COMMUNITY TRUST,1
Works Fees (External),45189,1875,THIRD PARTY SUPPLIER,451891875THIRD PARTY SUPPLIER,451891875THIRD PARTY SUPPLIER,1
Agency Staff,45189,807.18,ACHIEVA GROUP LTD,45189807.18ACHIEVA GROUP LTD,45189807.18ACHIEVA GROUP LTD,1
Computer Maintenance,45189,3020,STONE CREATE LTD,451893020STONE CREATE LTD,451893020STONE CREATE LTD,1
Clothing & Uniform,45189,537.47,SHORROCKS DEVELOPMENT,45189537.47SHORROCKS DEVELOPMENT,45189537.47SHORROCKS DEVELOPMENT,1
Police - Planned Preventative Maintenance,45189,4472.5,SECURITY SOLUTIONS,451894472.5SECURITY SOLUTIONS,451894472.5SECURITY SOLUTIONS,1
Equipment General,45189,678,SCENESAFE,45189678SCENESAFE,45189678SCENESAFE,1
Mobile Phone Costs,45189,640.51,SCC,45189640.51SCC,45189640.51SCC,1
Computer Equipment (Hardware),45189,6113.12,SCC,451896113.12SCC,451896113.12SCC,1
Computer Equipment (Hardware),45189,1073.1200000000001,SCC,451891073.12SCC,451891073.12SCC,1
Consultant Fees,45189,3474.62,REED SPECIALIST RECRUITMENT LTD,451893474.62REED SPECIALIST RECRUITMENT LTD,451893474.62REED SPECIALIST RECRUITMENT LTD,1
Consultant Fees,45189,4963.75,REED SPECIALIST RECRUITMENT LTD,451894963.75REED SPECIALIST RECRUITMENT LTD,451894963.75REED SPECIALIST RECRUITMENT LTD,1
Consultant Fees,45189,3971,REED SPECIALIST RECRUITMENT LTD,451893971REED SPECIALIST RECRUITMENT LTD,451893971REED SPECIALIST RECRUITMENT LTD,2
Consultant Fees,45189,1417.5,REED SPECIALIST RECRUITMENT LTD,451891417.5REED SPECIALIST RECRUITMENT LTD,451891417.5REED SPECIALIST RECRUITMENT LTD,1
Consultant Fees,45189,615.9,REED SPECIALIST RECRUITMENT LTD,45189615.9REED SPECIALIST RECRUITMENT LTD,45189615.9REED SPECIALIST RECRUITMENT LTD,1
Consultant Fees,45189,6217.75,REED SPECIALIST RECRUITMENT LTD,451896217.75REED SPECIALIST RECRUITMENT LTD,451896217.75REED SPECIALIST RECRUITMENT LTD,2
Consultant Fees,45189,2978.25,REED SPECIALIST RECRUITMENT LTD,451892978.25REED SPECIALIST RECRUITMENT LTD,451892978.25REED SPECIALIST RECRUITMENT LTD,1
Consultant Fees,45189,541.34,REED SPECIALIST RECRUITMENT LTD,45189541.34REED SPECIALIST RECRUITMENT LTD,45189541.34REED SPECIALIST RECRUITMENT LTD,1
Consultant Fees,45189,9431.12,REED SPECIALIST RECRUITMENT LTD,451899431.12REED SPECIALIST RECRUITMENT LTD,451899431.12REED SPECIALIST RECRUITMENT LTD,1
Consultant Fees,45189,6217.75,REED SPECIALIST RECRUITMENT LTD,451896217.75REED SPECIALIST RECRUITMENT LTD,451896217.75REED SPECIALIST RECRUITMENT LTD,2
Consultant Fees,45189,5172.75,REED SPECIALIST RECRUITMENT LTD,451895172.75REED SPECIALIST RECRUITMENT LTD,451895172.75REED SPECIALIST RECRUITMENT LTD,1
Consultant Fees,45189,9927.5,REED SPECIALIST RECRUITMENT LTD,451899927.5REED SPECIALIST RECRUITMENT LTD,451899927.5REED SPECIALIST RECRUITMENT LTD,2
Consultant Fees,45189,4702.5,REED SPECIALIST RECRUITMENT LTD,451894702.5REED SPECIALIST RECRUITMENT LTD,451894702.5REED SPECIALIST RECRUITMENT LTD,1
Consultant Fees,45189,4467.38,REED SPECIALIST RECRUITMENT LTD,451894467.38REED SPECIALIST RECRUITMENT LTD,451894467.38REED SPECIALIST RECRUITMENT LTD,1
Consultant Fees,45189,4219.19,REED SPECIALIST RECRUITMENT LTD,451894219.19REED SPECIALIST RECRUITMENT LTD,451894219.19REED SPECIALIST RECRUITMENT LTD,1
Consultant Fees,45189,5612.5,REED SPECIALIST RECRUITMENT LTD,451895612.5REED SPECIALIST RECRUITMENT LTD,451895612.5REED SPECIALIST RECRUITMENT LTD,1
Consultant Fees,45189,2212.53,REED SPECIALIST RECRUITMENT LTD,451892212.53REED SPECIALIST RECRUITMENT LTD,451892212.53REED SPECIALIST RECRUITMENT LTD,1
Consultant Fees,45189,1890,REED SPECIALIST RECRUITMENT LTD,451891890REED SPECIALIST RECRUITMENT LTD,451891890REED SPECIALIST RECRUITMENT LTD,1
Consultant Fees,45189,17556,REED SPECIALIST RECRUITMENT LTD,4518917556REED SPECIALIST RECRUITMENT LTD,4518917556REED SPECIALIST RECRUITMENT LTD,1
Consultant Fees,45189,9927.5,REED SPECIALIST RECRUITMENT LTD,451899927.5REED SPECIALIST RECRUITMENT LTD,451899927.5REED SPECIALIST RECRUITMENT LTD,2
Consultant Fees,45189,5600,REED SPECIALIST RECRUITMENT LTD,451895600REED SPECIALIST RECRUITMENT LTD,451895600REED SPECIALIST RECRUITMENT LTD,1
Consultant Fees,45189,8934.75,REED SPECIALIST RECRUITMENT LTD,451898934.75REED SPECIALIST RECRUITMENT LTD,451898934.75REED SPECIALIST RECRUITMENT LTD,1
Consultant Fees,45189,3971,REED SPECIALIST RECRUITMENT LTD,451893971REED SPECIALIST RECRUITMENT LTD,451893971REED SPECIALIST RECRUITMENT LTD,2
Consultant Fees,45189,4180,REED SPECIALIST RECRUITMENT LTD,451894180REED SPECIALIST RECRUITMENT LTD,451894180REED SPECIALIST RECRUITMENT LTD,1
Consultant Fees,45189,10972.5,REED SPECIALIST RECRUITMENT LTD,4518910972.5REED SPECIALIST RECRUITMENT LTD,4518910972.5REED SPECIALIST RECRUITMENT LTD,1
Consultant Fees,45189,1350.37,REED SPECIALIST RECRUITMENT LTD,451891350.37REED SPECIALIST RECRUITMENT LTD,451891350.37REED SPECIALIST RECRUITMENT LTD,1
Recruitment - Expenses,45189,616,REED SPECIALIST RECRUITMENT LTD,45189616REED SPECIALIST RECRUITMENT LTD,45189616REED SPECIALIST RECRUITMENT LTD,1
Police - Media Campaigns,45189,2000,REDTAIL MEDIA,451892000REDTAIL MEDIA,451892000REDTAIL MEDIA,1
Postage & Carriage,45189,2300.34,QUADIENT UK LTD,451892300.34QUADIENT UK LTD,451892300.34QUADIENT UK LTD,1
Police - Planned Preventative Maintenance,45189,1156,PREMIER OF LYTHAM  LTD,451891156PREMIER OF LYTHAM  LTD,451891156PREMIER OF LYTHAM  LTD,1
Police Reactive Maintenance - Building Services,45189,4995.5199999999995,PREMIER OF LYTHAM  LTD,451894995.52PREMIER OF LYTHAM  LTD,451894995.52PREMIER OF LYTHAM  LTD,1
Police Reactive Maintenance - Building Services,45189,748.26,PREMIER OF LYTHAM  LTD,45189748.26PREMIER OF LYTHAM  LTD,45189748.26PREMIER OF LYTHAM  LTD,1
Police Reactive Maintenance - Building Services,45189,718.69,PREMIER OF LYTHAM  LTD,45189718.69PREMIER OF LYTHAM  LTD,45189718.69PREMIER OF LYTHAM  LTD,1
Cleaning & Domestic General,45189,7756.190000000003,PHS GROUP PLC,451897756.19PHS GROUP PLC,451897756.19PHS GROUP PLC,1
Cleaning & Domestic General,45189,6318.09,PHS GROUP PLC,451896318.09PHS GROUP PLC,451896318.09PHS GROUP PLC,1
Waste Collection Charges,45189,1079.15,PHS GROUP PLC,451891079.15PHS GROUP PLC,451891079.15PHS GROUP PLC,1
Waste Collection Charges,45189,1363.18,PHS GROUP PLC,451891363.18PHS GROUP PLC,451891363.18PHS GROUP PLC,1
Cleaning & Domestic General,45189,728.1099999999999,PHS GROUP PLC,45189728.11PHS GROUP PLC,45189728.11PHS GROUP PLC,1
Police - Pathologists Fees,45189,3138.96,ALISON ARMOUR,451893138.96ALISON ARMOUR,451893138.96ALISON ARMOUR,1
Agency Staff,45189,1633.24,OCCUPATIONAL HEALTH STAFFING LTD,451891633.24OCCUPATIONAL HEALTH STAFFING LTD,451891633.24OCCUPATIONAL HEALTH STAFFING LTD,1
Agency Staff,45189,1246.42,OCCUPATIONAL HEALTH STAFFING LTD,451891246.42OCCUPATIONAL HEALTH STAFFING LTD,451891246.42OCCUPATIONAL HEALTH STAFFING LTD,1
Training Expenses (External),45189,1200,NDORS TRAINER,451891200NDORS TRAINER,451891200NDORS TRAINER,1
Training Expenses (External),45189,1760,NDORS TRAINER,451891760NDORS TRAINER,451891760NDORS TRAINER,1
Training Expenses (External),45189,960,NDORS TRAINER,45189960NDORS TRAINER,45189960NDORS TRAINER,1
Computer Licences,45189,865,NCC SERVICES LIMITED,45189865NCC SERVICES LIMITED,45189865NCC SERVICES LIMITED,3
Computer Licences,45189,865,NCC SERVICES LIMITED,45189865NCC SERVICES LIMITED,45189865NCC SERVICES LIMITED,3
Computer Licences,45189,865,NCC SERVICES LIMITED,45189865NCC SERVICES LIMITED,45189865NCC SERVICES LIMITED,3
Police - Counsel Fees,45189,525,MR MATTHEW HOLDCROFT,45189525MR MATTHEW HOLDCROFT,45189525MR MATTHEW HOLDCROFT,1
Police - Agents Fees,45189,750,MR LEE BONNER,45189750MR LEE BONNER,45189750MR LEE BONNER,1
Police - Counsel Fees,45189,762.5,MR GEORGE THOMAS,45189762.5MR GEORGE THOMAS,45189762.5MR GEORGE THOMAS,1
Equipment General,45189,940.38,MILLERS UK LTD,45189940.38MILLERS UK LTD,45189940.38MILLERS UK LTD,1
Police - Statutory Maintenance,45189,12220,LUCION ENVIRONMENTAL LTD,4518912220LUCION ENVIRONMENTAL LTD,4518912220LUCION ENVIRONMENTAL LTD,1
Police Reactive Maintenance - Building Services,45189,576.21,KENDRA ENERGY SOLUTIONS LTD,45189576.21KENDRA ENERGY SOLUTIONS LTD,45189576.21KENDRA ENERGY SOLUTIONS LTD,1
Police - Vehicle Workshop Parts,45189,1172,JEPSON & CO LTD,451891172JEPSON & CO LTD,451891172JEPSON & CO LTD,1
Police - Media Campaigns,45189,1609.6,JACK AND GRACE COMMUNICATIONS,451891609.6JACK AND GRACE COMMUNICATIONS,451891609.6JACK AND GRACE COMMUNICATIONS,1
Training Expenses (External),45189,2500,INFRARED TRAINING LTD,451892500INFRARED TRAINING LTD,451892500INFRARED TRAINING LTD,1
Police - Firearms Ammunition,45189,22127,HOME OFFICE,4518922127HOME OFFICE,4518922127HOME OFFICE,1
Police - Other Third Party Payments,45189,2986.84,HM PRISON & PROBATION SERVICE,451892986.84HM PRISON & PROBATION SERVICE,451892986.84HM PRISON & PROBATION SERVICE,1
Police - Firearms Ammunition,45189,9900,GMK LTD,451899900GMK LTD,451899900GMK LTD,1
PCC Commissioning - Public Protection,45189,5200.25,FYLDE COAST WOMEN'S AID,451895200.25FYLDE COAST WOMEN'S AID,451895200.25FYLDE COAST WOMEN'S AID,1
Equipment General,45189,1692,FAST ENGINEERING LTD,451891692FAST ENGINEERING LTD,451891692FAST ENGINEERING LTD,1
Police - Horse Expenses,45189,640.66,ANIMAL RELATED SERVICES,45189640.66ANIMAL RELATED SERVICES,45189640.66ANIMAL RELATED SERVICES,1
Training Expenses (External),45189,1680,ENLIGHTEN TRAINING & CONSULTANCY LTD,451891680ENLIGHTEN TRAINING & CONSULTANCY LTD,451891680ENLIGHTEN TRAINING & CONSULTANCY LTD,1
Police - Trainer/Lecturer Fees,45189,2700,ENLIGHTEN TRAINING & CONSULTANCY LTD,451892700ENLIGHTEN TRAINING & CONSULTANCY LTD,451892700ENLIGHTEN TRAINING & CONSULTANCY LTD,1
Police - Promotional Materials,45189,3060,DYNAMITE TECHNOLOGY LTD,451893060DYNAMITE TECHNOLOGY LTD,451893060DYNAMITE TECHNOLOGY LTD,1
Agency Staff,45189,675,DRS. DIRECT,45189675DRS. DIRECT,45189675DRS. DIRECT,1
Equipment General,45189,5676,D.TEC INTERNATIONAL LTD,451895676D.TEC INTERNATIONAL LTD,451895676D.TEC INTERNATIONAL LTD,1
Equipment General,45189,3202,CUBIC TRANSPORTATION SYSTEMS (ITMS) LTD,451893202CUBIC TRANSPORTATION SYSTEMS (ITMS) LTD,451893202CUBIC TRANSPORTATION SYSTEMS (ITMS) LTD,1
Police - Other Third Party Payments,45189,1767.06,CHILD ACTION NORTHWEST,451891767.06CHILD ACTION NORTHWEST,451891767.06CHILD ACTION NORTHWEST,1
Police - Other Third Party Payments,45189,1610.1,CHILD ACTION NORTHWEST,451891610.1CHILD ACTION NORTHWEST,451891610.1CHILD ACTION NORTHWEST,1
Police - Other Third Party Payments,45189,1360.16,CHILD ACTION NORTHWEST,451891360.16CHILD ACTION NORTHWEST,451891360.16CHILD ACTION NORTHWEST,1
Hire of Transport,45189,3132,CAR-PORT UK,451893132CAR-PORT UK,451893132CAR-PORT UK,1
Police - Detained Persons - Meals / Refreshments,45189,2135.59,BIDFOOD,451892135.59BIDFOOD,451892135.59BIDFOOD,1
Hire of Transport,45189,538.44,ARNOLD CLARK CAR & VAN RENTAL,45189538.44ARNOLD CLARK CAR & VAN RENTAL,45189538.44ARNOLD CLARK CAR & VAN RENTAL,1
Cleaning & Domestic General,45191,804.44,WRENNALLS GROUP LTD,45191804.44WRENNALLS GROUP LTD,45191804.44WRENNALLS GROUP LTD,1
Police - Other Specialist Operational Equipment,45191,3500,VIKING ARMS LTD,451913500VIKING ARMS LTD,451913500VIKING ARMS LTD,1
Equipment,45191,6397.4,UK TELEMATICS,451916397.4UK TELEMATICS,451916397.4UK TELEMATICS,1
Police - Other Third Party Payments,45191,15916,UCLAN - UNIVERSITY OF CENTRAL LANCASHIRE,4519115916UCLAN - UNIVERSITY OF CENTRAL LANCASHIRE,4519115916UCLAN - UNIVERSITY OF CENTRAL LANCASHIRE,1
Police - Training Expenses for DHEP ( Degree Holder Entry ),45191,70500,UCLAN - UNIVERSITY OF CENTRAL LANCASHIRE,4519170500UCLAN - UNIVERSITY OF CENTRAL LANCASHIRE,4519170500UCLAN - UNIVERSITY OF CENTRAL LANCASHIRE,1
Police - Other Third Party Payments,45191,28751,UCLAN - UNIVERSITY OF CENTRAL LANCASHIRE,4519128751UCLAN - UNIVERSITY OF CENTRAL LANCASHIRE,4519128751UCLAN - UNIVERSITY OF CENTRAL LANCASHIRE,1
Catering Service (External),45191,959.85,TURNER PRICE LTD,45191959.85TURNER PRICE LTD,45191959.85TURNER PRICE LTD,1
Computer Licences,45191,16473.600000000006,THIRD PARTY SUPPLIER,4519116473.6THIRD PARTY SUPPLIER,4519116473.6THIRD PARTY SUPPLIER,1
Computer Licences,45191,71280,THIRD PARTY SUPPLIER,4519171280THIRD PARTY SUPPLIER,4519171280THIRD PARTY SUPPLIER,1
Police - Settlements - Staff,45191,12500,THIRD PARTY SUPPLIER,4519112500THIRD PARTY SUPPLIER,4519112500THIRD PARTY SUPPLIER,1
Police - Other Third Party Payments,45191,571.14,THIRD PARTY SUPPLIER,45191571.14THIRD PARTY SUPPLIER,45191571.14THIRD PARTY SUPPLIER,1
Police - Other Third Party Payments,45191,735.54,THIRD PARTY SUPPLIER,45191735.54THIRD PARTY SUPPLIER,45191735.54THIRD PARTY SUPPLIER,1
Police - Other Investigative Expenses,45191,6471.6,THIRD PARTY SUPPLIER,451916471.6THIRD PARTY SUPPLIER,451916471.6THIRD PARTY SUPPLIER,1
Training Expenses (External),45191,542.3,THE KINGSHAM CONSULTANCY LIMITED,45191542.3THE KINGSHAM CONSULTANCY LIMITED,45191542.3THE KINGSHAM CONSULTANCY LIMITED,1
Agency Staff,45191,621.3,ADECCO UK LTD,45191621.3ADECCO UK LTD,45191621.3ADECCO UK LTD,1
Agency Staff,45191,569.53,ADECCO UK LTD,45191569.53ADECCO UK LTD,45191569.53ADECCO UK LTD,2
Agency Staff,45191,569.53,ADECCO UK LTD,45191569.53ADECCO UK LTD,45191569.53ADECCO UK LTD,2
Equipment General,45191,5892,SCENEPRO LTD,451915892SCENEPRO LTD,451915892SCENEPRO LTD,1
ICT Stock / Stores,45191,1825.4199999999998,SCC,451911825.42SCC,451911825.42SCC,1
Police - Other Investigative Expenses,45191,860,SCC,45191860SCC,45191860SCC,1
Waste Collection Charges,45191,2762.64,SAME DAY PLC GUARDIAN SERVICES,451912762.64SAME DAY PLC GUARDIAN SERVICES,451912762.64SAME DAY PLC GUARDIAN SERVICES,1
Postage & Carriage,45191,2373.24,ROYAL MAIL NW & NW,451912373.24ROYAL MAIL NW & NW,451912373.24ROYAL MAIL NW & NW,1
Police Reactive Maintenance - Building Services,45191,5476.13,PREMIER OF LYTHAM  LTD,451915476.13PREMIER OF LYTHAM  LTD,451915476.13PREMIER OF LYTHAM  LTD,1
Computer Licences,45191,3344.8,P SHAW CONSULTANCIES (MICROTECH),451913344.8P SHAW CONSULTANCIES (MICROTECH),451913344.8P SHAW CONSULTANCIES (MICROTECH),1
Agency Staff,45191,1343.13,OCCUPATIONAL HEALTH STAFFING LTD,451911343.13OCCUPATIONAL HEALTH STAFFING LTD,451911343.13OCCUPATIONAL HEALTH STAFFING LTD,1
Electricity,45191,2543.71,NPOWER LTD,451912543.71NPOWER LTD,451912543.71NPOWER LTD,1
Petrol,45191,41301.79,ALLSTAR BUSINESS SOLUTIONS LTD [ARVAL PHH BUSINESS SOLUTIONS LTD],4519141301.79ALLSTAR BUSINESS SOLUTIONS LTD [ARVAL PHH BUSINESS SOLUTIONS LTD],4519141301.79ALLSTAR BUSINESS SOLUTIONS LTD [ARVAL PHH BUSINESS SOLUTIONS LTD],1
Vehicle & Plant R&M (External),45191,1136.4,NATIONAL WINDSCREENS NW,451911136.4NATIONAL WINDSCREENS NW,451911136.4NATIONAL WINDSCREENS NW,1
Telecommunications Equipment,45191,945,MOTOROLA LTD [229816],45191945MOTOROLA LTD [229816],45191945MOTOROLA LTD [229816],1
Training Expenses (External),45191,2960,LION LABORATORIES PLC,451912960LION LABORATORIES PLC,451912960LION LABORATORIES PLC,1
Consolidated invoice suspense,45191,212253.43,LASER ENERGY BUYING GROUP,45191212253.43LASER ENERGY BUYING GROUP,45191212253.43LASER ENERGY BUYING GROUP,1
Consolidated invoice suspense,45191,33769.01,LASER ENERGY BUYING GROUP,4519133769.01LASER ENERGY BUYING GROUP,4519133769.01LASER ENERGY BUYING GROUP,1
Rents - General,45191,2471.33,LANCASHIRE COUNTY DEVELOPMENTS (PROPERTY) LTD,451912471.33LANCASHIRE COUNTY DEVELOPMENTS (PROPERTY) LTD,451912471.33LANCASHIRE COUNTY DEVELOPMENTS (PROPERTY) LTD,1
Vehicle Purchase,45191,9067.31,INTOMOVE LTD,451919067.31INTOMOVE LTD,451919067.31INTOMOVE LTD,1
Rents - General,45191,50000,HENCO (INTERNATIONAL) LTD,4519150000HENCO (INTERNATIONAL) LTD,4519150000HENCO (INTERNATIONAL) LTD,1
Furniture - H&S,45191,683,GRESHAM OFFICE FURNITURE LTD,45191683GRESHAM OFFICE FURNITURE LTD,45191683GRESHAM OFFICE FURNITURE LTD,1
Furniture - H&S,45191,1170,GRESHAM OFFICE FURNITURE LTD,451911170GRESHAM OFFICE FURNITURE LTD,451911170GRESHAM OFFICE FURNITURE LTD,1
Furniture - H&S,45191,1544,GRESHAM OFFICE FURNITURE LTD,451911544GRESHAM OFFICE FURNITURE LTD,451911544GRESHAM OFFICE FURNITURE LTD,1
Equipment General,45191,780,GRESHAM OFFICE FURNITURE LTD,45191780GRESHAM OFFICE FURNITURE LTD,45191780GRESHAM OFFICE FURNITURE LTD,2
Furniture - H&S,45191,1549,GRESHAM OFFICE FURNITURE LTD,451911549GRESHAM OFFICE FURNITURE LTD,451911549GRESHAM OFFICE FURNITURE LTD,1
Equipment General,45191,780,GRESHAM OFFICE FURNITURE LTD,45191780GRESHAM OFFICE FURNITURE LTD,45191780GRESHAM OFFICE FURNITURE LTD,2
Delegated Grounds Maintenance,45191,1500,GREENLANDS,451911500GREENLANDS,451911500GREENLANDS,1
Transport Insurance,45191,17720,GALLAGHER BASSETT,4519117720GALLAGHER BASSETT,4519117720GALLAGHER BASSETT,1
Ext  Adapt  Improv  Etc,45191,709.65,E-TEC ELECTRICAL LTD,45191709.65E-TEC ELECTRICAL LTD,45191709.65E-TEC ELECTRICAL LTD,1
Police - Vehicle Workshop Parts,45191,1854.44,CV COMPONENTS (FORMERLY ALLIANCE AUTOMOTIVE UK LV LTD),451911854.44CV COMPONENTS (FORMERLY ALLIANCE AUTOMOTIVE UK LV LTD),451911854.44CV COMPONENTS (FORMERLY ALLIANCE AUTOMOTIVE UK LV LTD),1
Recruitment - Expenses,45191,34040,COLLEGE OF POLICING,4519134040COLLEGE OF POLICING,4519134040COLLEGE OF POLICING,1
Police - Counsel Fees,45191,500,COBDEN HOUSE CHAMBERS,45191500COBDEN HOUSE CHAMBERS,45191500COBDEN HOUSE CHAMBERS,1
Vehicle & Plant R&M (External),45191,1021.45,AP FLEET SERVICES LTD,451911021.45AP FLEET SERVICES LTD,451911021.45AP FLEET SERVICES LTD,1
Vehicle & Plant R&M (External),45191,1081.2,AP FLEET SERVICES LTD,451911081.2AP FLEET SERVICES LTD,451911081.2AP FLEET SERVICES LTD,1
Police - Health & Safety - Occ Health,45191,3645,BOOTS HEARINGCARE,451913645BOOTS HEARINGCARE,451913645BOOTS HEARINGCARE,1
Police - Health & Safety - Occ Health,45191,3037.5,BOOTS HEARINGCARE,451913037.5BOOTS HEARINGCARE,451913037.5BOOTS HEARINGCARE,1
Police - Other Third Party Payments,45191,2686.33,BLACKBURN ROVERS COMMUNITY TRUST,451912686.33BLACKBURN ROVERS COMMUNITY TRUST,451912686.33BLACKBURN ROVERS COMMUNITY TRUST,1
Police - Other Third Party Payments,45191,2916.74,BLACKBURN ROVERS COMMUNITY TRUST,451912916.74BLACKBURN ROVERS COMMUNITY TRUST,451912916.74BLACKBURN ROVERS COMMUNITY TRUST,1
Police - Other Third Party Payments,45191,3170,BLACKBURN ROVERS COMMUNITY TRUST,451913170BLACKBURN ROVERS COMMUNITY TRUST,451913170BLACKBURN ROVERS COMMUNITY TRUST,1
Waste Collection Charges,45191,700.2,BIFFA WASTE SERVICES LTD,45191700.2BIFFA WASTE SERVICES LTD,45191700.2BIFFA WASTE SERVICES LTD,1
Waste Collection Charges,45191,859.58,BIFFA WASTE SERVICES LTD,45191859.58BIFFA WASTE SERVICES LTD,45191859.58BIFFA WASTE SERVICES LTD,1
Waste Collection Charges,45191,2444.32,BIFFA WASTE SERVICES LTD,451912444.32BIFFA WASTE SERVICES LTD,451912444.32BIFFA WASTE SERVICES LTD,1
Waste Collection Charges,45191,1158.54,BIFFA WASTE SERVICES LTD,451911158.54BIFFA WASTE SERVICES LTD,451911158.54BIFFA WASTE SERVICES LTD,1
Waste Collection Charges,45191,526.96,BIFFA WASTE SERVICES LTD,45191526.96BIFFA WASTE SERVICES LTD,45191526.96BIFFA WASTE SERVICES LTD,1
Ext  Adapt  Improv  Etc,45191,1363.68,ASSA ABLOY SECURITY DOORS,451911363.68ASSA ABLOY SECURITY DOORS,451911363.68ASSA ABLOY SECURITY DOORS,1
Equipment General,45196,647.49,WEX PHOTO VIDEO,45196647.49WEX PHOTO VIDEO,45196647.49WEX PHOTO VIDEO,1
Consultant Fees,45196,198039.83,VICTIM SUPPORT LANCASHIRE,45196198039.83VICTIM SUPPORT LANCASHIRE,45196198039.83VICTIM SUPPORT LANCASHIRE,1
Consultant Fees,45196,18284.58,VICTIM SUPPORT LANCASHIRE,4519618284.58VICTIM SUPPORT LANCASHIRE,4519618284.58VICTIM SUPPORT LANCASHIRE,1
Consultant Fees,45196,1628.14,VICTIM SUPPORT LANCASHIRE,451961628.14VICTIM SUPPORT LANCASHIRE,451961628.14VICTIM SUPPORT LANCASHIRE,1
Consultant Fees,45196,22738.13,VICTIM SUPPORT LANCASHIRE,4519622738.13VICTIM SUPPORT LANCASHIRE,4519622738.13VICTIM SUPPORT LANCASHIRE,1
Consultant Fees,45196,2971.57,VICTIM SUPPORT LANCASHIRE,451962971.57VICTIM SUPPORT LANCASHIRE,451962971.57VICTIM SUPPORT LANCASHIRE,1
Consultant Fees,45196,50301.83,VICTIM SUPPORT LANCASHIRE,4519650301.83VICTIM SUPPORT LANCASHIRE,4519650301.83VICTIM SUPPORT LANCASHIRE,1
Catering Service (External),45196,1673.29,TURNER PRICE LTD,451961673.29TURNER PRICE LTD,451961673.29TURNER PRICE LTD,1
Police - Agents Fees,45196,1000,TLT LLP,451961000TLT LLP,451961000TLT LLP,1
Computer Licences,45196,58212,THIRD PARTY SUPPLIER,4519658212THIRD PARTY SUPPLIER,4519658212THIRD PARTY SUPPLIER,1
Police - Other Third Party Payments,45196,2655,ACCRINGTON STANLEY COMMUNITY TRUST,451962655ACCRINGTON STANLEY COMMUNITY TRUST,451962655ACCRINGTON STANLEY COMMUNITY TRUST,1
Police - Other Third Party Payments,45196,1500.92,ACCRINGTON STANLEY COMMUNITY TRUST,451961500.92ACCRINGTON STANLEY COMMUNITY TRUST,451961500.92ACCRINGTON STANLEY COMMUNITY TRUST,1
Training Expenses (External),45196,1500,THIRD PARTY SUPPLIER,451961500THIRD PARTY SUPPLIER,451961500THIRD PARTY SUPPLIER,1
Police - Qualification Training,45196,800,THIRD PARTY SUPPLIER,45196800THIRD PARTY SUPPLIER,45196800THIRD PARTY SUPPLIER,1
IT Consultancy,45196,2166,THIRD PARTY SUPPLIER,451962166THIRD PARTY SUPPLIER,451962166THIRD PARTY SUPPLIER,1
Telecommunications Equipment,45196,1979.39,THIRD PARTY SUPPLIER,451961979.39THIRD PARTY SUPPLIER,451961979.39THIRD PARTY SUPPLIER,1
Programmed Service Contracts,45196,16104.26,THE JAMES MERCER GROUP LTD,4519616104.26THE JAMES MERCER GROUP LTD,4519616104.26THE JAMES MERCER GROUP LTD,1
IT Consultancy,45196,4616.73,STERIA SERVICES LIMITED,451964616.73STERIA SERVICES LIMITED,451964616.73STERIA SERVICES LIMITED,1
Equipment General,45196,1317.5,SELECTAMARK SECURITY SYSTEMS PLC,451961317.5SELECTAMARK SECURITY SYSTEMS PLC,451961317.5SELECTAMARK SECURITY SYSTEMS PLC,1
Equipment General,45196,2424,SAFEQUIP LTD,451962424SAFEQUIP LTD,451962424SAFEQUIP LTD,1
Police - Vehicle Workshop Parts,45196,906,PVL UK LIMITED,45196906PVL UK LIMITED,45196906PVL UK LIMITED,1
Ext  Adapt  Improv  Etc,45196,1655,PROTEC FIRE DETECTION PLC,451961655PROTEC FIRE DETECTION PLC,451961655PROTEC FIRE DETECTION PLC,1
Police - Pathologists Fees,45196,3034.63,ALISON ARMOUR,451963034.63ALISON ARMOUR,451963034.63ALISON ARMOUR,1
Training Expenses (External),45196,1200,NDORS TRAINER,451961200NDORS TRAINER,451961200NDORS TRAINER,1
Petrol,45196,42146.81,ALLSTAR BUSINESS SOLUTIONS LTD [ARVAL PHH BUSINESS SOLUTIONS LTD],4519642146.81ALLSTAR BUSINESS SOLUTIONS LTD [ARVAL PHH BUSINESS SOLUTIONS LTD],4519642146.81ALLSTAR BUSINESS SOLUTIONS LTD [ARVAL PHH BUSINESS SOLUTIONS LTD],1
Police - Counsel Fees,45196,975,MS VICTORIA VON WACHTER,45196975MS VICTORIA VON WACHTER,45196975MS VICTORIA VON WACHTER,1
Police - Counsel Fees,45196,600,MS VICTORIA VON WACHTER,45196600MS VICTORIA VON WACHTER,45196600MS VICTORIA VON WACHTER,1
ICT Stock / Stores,45196,13958.5,MOTOROLA LTD [229816],4519613958.5MOTOROLA LTD [229816],4519613958.5MOTOROLA LTD [229816],1
Clothing & Uniform,45196,631.8,MICHAEL LUPTON ASSOCIATES LTD,45196631.8MICHAEL LUPTON ASSOCIATES LTD,45196631.8MICHAEL LUPTON ASSOCIATES LTD,1
Clothing & Uniform,45196,1390.24,ALTBERG LTD,451961390.24ALTBERG LTD,451961390.24ALTBERG LTD,1
Consolidated invoice suspense,45196,31738.510000000002,LASER ENERGY BUYING GROUP,4519631738.51LASER ENERGY BUYING GROUP,4519631738.51LASER ENERGY BUYING GROUP,1
Consolidated invoice suspense,45196,23783.7,LASER ENERGY BUYING GROUP,4519623783.7LASER ENERGY BUYING GROUP,4519623783.7LASER ENERGY BUYING GROUP,1
Consolidated invoice suspense,45196,1598.31,LASER ENERGY BUYING GROUP,451961598.31LASER ENERGY BUYING GROUP,451961598.31LASER ENERGY BUYING GROUP,1
Consolidated invoice suspense,45196,391185.87,LASER ENERGY BUYING GROUP,45196391185.87LASER ENERGY BUYING GROUP,45196391185.87LASER ENERGY BUYING GROUP,1
Police - Other Third Party Payments,45196,1337.6,LANCASHIRE POLICE FEDERATION,451961337.6LANCASHIRE POLICE FEDERATION,451961337.6LANCASHIRE POLICE FEDERATION,1
Building Cleaning Contract (External),45196,14015.910000000002,LANCASHIRE COUNTY COUNCIL (200398),4519614015.91LANCASHIRE COUNTY COUNCIL (200398),4519614015.91LANCASHIRE COUNTY COUNCIL (200398),1
Police - Vehicle Workshop Equipment,45196,560,K N TRANSMISSIONS,45196560K N TRANSMISSIONS,45196560K N TRANSMISSIONS,1
Vehicle Purchase,45196,4917.29,JAMES ALPE LTD,451964917.29JAMES ALPE LTD,451964917.29JAMES ALPE LTD,2
Vehicle Purchase,45196,4917.29,JAMES ALPE LTD,451964917.29JAMES ALPE LTD,451964917.29JAMES ALPE LTD,2
Police - Surgeons,45196,134904.24,HCRG MEDICAL SERVICES,45196134904.24HCRG MEDICAL SERVICES,45196134904.24HCRG MEDICAL SERVICES,1
Police - Tyres,45196,10375.44,GOODYEAR SSC,4519610375.44GOODYEAR SSC,4519610375.44GOODYEAR SSC,1
Police - Tyres,45196,800,GOODYEAR SSC,45196800GOODYEAR SSC,45196800GOODYEAR SSC,1
Police - Tyres,45196,20127.43,GOODYEAR SSC,4519620127.43GOODYEAR SSC,4519620127.43GOODYEAR SSC,1
Training Expenses (External),45196,840,ENLIGHTEN TRAINING & CONSULTANCY LTD,45196840ENLIGHTEN TRAINING & CONSULTANCY LTD,45196840ENLIGHTEN TRAINING & CONSULTANCY LTD,1
Training Expenses (External),45196,1400,ENLIGHTEN TRAINING & CONSULTANCY LTD,451961400ENLIGHTEN TRAINING & CONSULTANCY LTD,451961400ENLIGHTEN TRAINING & CONSULTANCY LTD,1
Vehicle & Plant R&M (External),45196,538.62,AP FLEET SERVICES LTD,45196538.62AP FLEET SERVICES LTD,45196538.62AP FLEET SERVICES LTD,1
Police - Detained Persons - Meals / Refreshments,45196,1098.4,BIDFOOD,451961098.4BIDFOOD,451961098.4BIDFOOD,1
Delegated Grounds Maintenance,45196,1631,BARLOW TRAILERS,451961631BARLOW TRAILERS,451961631BARLOW TRAILERS,1
Equipment General,45198,956.6899999999998,WEX PHOTO VIDEO,45198956.69WEX PHOTO VIDEO,45198956.69WEX PHOTO VIDEO,1
Equipment General,45198,2792,WASHCO LTD,451982792WASHCO LTD,451982792WASHCO LTD,1
Vehicle Purchase,45198,17811,VOLKSWAGEN GROUP UNITED KINGDOM LTD,4519817811VOLKSWAGEN GROUP UNITED KINGDOM LTD,4519817811VOLKSWAGEN GROUP UNITED KINGDOM LTD,1
Vehicle Purchase,45198,28015.4,VOLKSWAGEN GROUP UNITED KINGDOM LTD,4519828015.4VOLKSWAGEN GROUP UNITED KINGDOM LTD,4519828015.4VOLKSWAGEN GROUP UNITED KINGDOM LTD,1
Vehicle Purchase,45198,14688.79,VOLKSWAGEN GROUP UNITED KINGDOM LTD,4519814688.79VOLKSWAGEN GROUP UNITED KINGDOM LTD,4519814688.79VOLKSWAGEN GROUP UNITED KINGDOM LTD,1
Catering Service (External),45198,1574.02,TURNER PRICE LTD,451981574.02TURNER PRICE LTD,451981574.02TURNER PRICE LTD,1
Catering Service (External),45198,541.04,TURNER PRICE LTD,45198541.04TURNER PRICE LTD,45198541.04TURNER PRICE LTD,1
Catering Service (External),45198,588.98,TURNER PRICE LTD,45198588.98TURNER PRICE LTD,45198588.98TURNER PRICE LTD,1
Police - Other Third Party Payments,45198,2150,TOWERCOURT TRAINING SOLUTIONS LTD,451982150TOWERCOURT TRAINING SOLUTIONS LTD,451982150TOWERCOURT TRAINING SOLUTIONS LTD,1
Equipment General,45198,3800,THIRD PARTY SUPPLIER,451983800THIRD PARTY SUPPLIER,451983800THIRD PARTY SUPPLIER,1
Computer Software,45198,12028.29,THIRD PARTY SUPPLIER,4519812028.29THIRD PARTY SUPPLIER,4519812028.29THIRD PARTY SUPPLIER,1
Computer Licences,45198,1243.26,THIRD PARTY SUPPLIER,451981243.26THIRD PARTY SUPPLIER,451981243.26THIRD PARTY SUPPLIER,1
Police - Other Third Party Payments,45198,526.82,THIRD PARTY SUPPLIER,45198526.82THIRD PARTY SUPPLIER,45198526.82THIRD PARTY SUPPLIER,1
Computer Equipment (Hardware),45198,1652.82,THIRD PARTY SUPPLIER,451981652.82THIRD PARTY SUPPLIER,451981652.82THIRD PARTY SUPPLIER,1
Computer Equipment (Hardware),45198,577.98,THIRD PARTY SUPPLIER,45198577.98THIRD PARTY SUPPLIER,45198577.98THIRD PARTY SUPPLIER,1
ICT Stock / Stores,45198,2525,THIRD PARTY SUPPLIER,451982525THIRD PARTY SUPPLIER,451982525THIRD PARTY SUPPLIER,1
Equipment General,45198,3206.25,THIRD PARTY SUPPLIER,451983206.25THIRD PARTY SUPPLIER,451983206.25THIRD PARTY SUPPLIER,1
Agency Staff,45198,819.23,ACHIEVA GROUP LTD,45198819.23ACHIEVA GROUP LTD,45198819.23ACHIEVA GROUP LTD,1
Agency Staff,45198,710.8,ACHIEVA GROUP LTD,45198710.8ACHIEVA GROUP LTD,45198710.8ACHIEVA GROUP LTD,1
Police - FSS,45198,13975.8,THIRD PARTY FORENSIC SERVICES,4519813975.8THIRD PARTY FORENSIC SERVICES,4519813975.8THIRD PARTY FORENSIC SERVICES,1
Police - FSS,45198,29395.01,THIRD PARTY FORENSIC SERVICES,4519829395.01THIRD PARTY FORENSIC SERVICES,4519829395.01THIRD PARTY FORENSIC SERVICES,1
Police - FSS,45198,10293.2,THIRD PARTY FORENSIC SERVICES,4519810293.2THIRD PARTY FORENSIC SERVICES,4519810293.2THIRD PARTY FORENSIC SERVICES,1
Training Expenses (External),45198,13600,THE ATACC GROUP,4519813600THE ATACC GROUP,4519813600THE ATACC GROUP,1
Clothing & Uniform,45198,691.2,TASK FORCE DISTRIBUTION LTD,45198691.2TASK FORCE DISTRIBUTION LTD,45198691.2TASK FORCE DISTRIBUTION LTD,1
Clothing & Uniform,45198,758.1999999999999,SMART IMAGE WORKWEAR LTD,45198758.2SMART IMAGE WORKWEAR LTD,45198758.2SMART IMAGE WORKWEAR LTD,1
Police - Other Third Party Payments,45198,4168,SFJ AWARDS LTD,451984168SFJ AWARDS LTD,451984168SFJ AWARDS LTD,1
Equipment General,45198,744,SAFEQUIP LTD,45198744SAFEQUIP LTD,45198744SAFEQUIP LTD,1
Police - Vehicle Workshop Parts,45198,602.42,RYBROOK,45198602.42RYBROOK,45198602.42RYBROOK,1
Consolidated invoice suspense,45198,125834.73,REED SPECIALIST RECRUITMENT LTD,45198125834.73REED SPECIALIST RECRUITMENT LTD,45198125834.73REED SPECIALIST RECRUITMENT LTD,1
Works Fees (External),45198,17242.5,REED SPECIALIST RECRUITMENT LTD,4519817242.5REED SPECIALIST RECRUITMENT LTD,4519817242.5REED SPECIALIST RECRUITMENT LTD,1
Consultant Fees,45198,6128.92,REED SPECIALIST RECRUITMENT LTD,451986128.92REED SPECIALIST RECRUITMENT LTD,451986128.92REED SPECIALIST RECRUITMENT LTD,1
Police - Dog Expenses,45198,2885.2400000000002,PSL PRINT MANAGEMENT LTD,451982885.24PSL PRINT MANAGEMENT LTD,451982885.24PSL PRINT MANAGEMENT LTD,1
PCC Commissioning - Community Liason,45198,1448.33,PRESTON MARRIOTT HOTEL,451981448.33PRESTON MARRIOTT HOTEL,451981448.33PRESTON MARRIOTT HOTEL,1
IT Consultancy,45198,31215,PREMIERTEC CONSULTING LTD T/A CLAREMONT,4519831215PREMIERTEC CONSULTING LTD T/A CLAREMONT,4519831215PREMIERTEC CONSULTING LTD T/A CLAREMONT,1
IT Consultancy,45198,2800,PREMIERTEC CONSULTING LTD T/A CLAREMONT,451982800PREMIERTEC CONSULTING LTD T/A CLAREMONT,451982800PREMIERTEC CONSULTING LTD T/A CLAREMONT,1
Police Reactive Maintenance - Building Services,45198,5509.629999999999,PREMIER OF LYTHAM  LTD,451985509.63PREMIER OF LYTHAM  LTD,451985509.63PREMIER OF LYTHAM  LTD,1
Police Reactive Maintenance - Building Services,45198,2755.13,PREMIER OF LYTHAM  LTD,451982755.13PREMIER OF LYTHAM  LTD,451982755.13PREMIER OF LYTHAM  LTD,1
Police Reactive Maintenance - Building Services,45198,6281.41,PREMIER OF LYTHAM  LTD,451986281.41PREMIER OF LYTHAM  LTD,451986281.41PREMIER OF LYTHAM  LTD,1
Police Reactive Maintenance - Building Services,45198,5075.32,PREMIER OF LYTHAM  LTD,451985075.32PREMIER OF LYTHAM  LTD,451985075.32PREMIER OF LYTHAM  LTD,1
Police Reactive Maintenance - Building Services,45198,1834.7800000000002,PREMIER OF LYTHAM  LTD,451981834.78PREMIER OF LYTHAM  LTD,451981834.78PREMIER OF LYTHAM  LTD,1
Police Reactive Maintenance - Building Services,45198,8277.8,PREMIER OF LYTHAM  LTD,451988277.8PREMIER OF LYTHAM  LTD,451988277.8PREMIER OF LYTHAM  LTD,1
Police Reactive Maintenance - Building Services,45198,6324.83,PREMIER OF LYTHAM  LTD,451986324.83PREMIER OF LYTHAM  LTD,451986324.83PREMIER OF LYTHAM  LTD,1
Consultant Fees,45198,660,POTENTIAL UNEARTHED LTD,45198660POTENTIAL UNEARTHED LTD,45198660POTENTIAL UNEARTHED LTD,1
Police Reactive Maintenance - Building Fabric,45198,587,PILKINGTON BROS (CHURCH) LTD,45198587PILKINGTON BROS (CHURCH) LTD,45198587PILKINGTON BROS (CHURCH) LTD,1
Police Reactive Maintenance - Building Fabric,45198,592.75,PILKINGTON BROS (CHURCH) LTD,45198592.75PILKINGTON BROS (CHURCH) LTD,45198592.75PILKINGTON BROS (CHURCH) LTD,1
Police - Statutory Maintenance,45198,19840.96,PICKERINGS EUROPE LIMITED,4519819840.96PICKERINGS EUROPE LIMITED,4519819840.96PICKERINGS EUROPE LIMITED,1
Police - Vehicle Workshop Parts,45198,977.73,PARTS PLUS,45198977.73PARTS PLUS,45198977.73PARTS PLUS,1
Police - Vehicle Workshop Parts,45198,602.89,PARTS PLUS,45198602.89PARTS PLUS,45198602.89PARTS PLUS,1
Police - Vehicle Workshop Parts,45198,3614.34,PARTS PLUS,451983614.34PARTS PLUS,451983614.34PARTS PLUS,1
Police - Vehicle Workshop Parts,45198,613.89,PARTS PLUS,45198613.89PARTS PLUS,45198613.89PARTS PLUS,1
Police - Vehicle Workshop Parts,45198,1168.51,PARTS PLUS,451981168.51PARTS PLUS,451981168.51PARTS PLUS,1
Police - Vehicle Workshop Parts,45198,713.68,PARTS PLUS,45198713.68PARTS PLUS,45198713.68PARTS PLUS,1
Police - Vehicle Workshop Parts,45198,1086.6,PARTS PLUS,451981086.6PARTS PLUS,451981086.6PARTS PLUS,1
Police - Vehicle Workshop Parts,45198,1262,PARTS PLUS,451981262PARTS PLUS,451981262PARTS PLUS,1
Police - Vehicle Workshop Parts,45198,1416.9,PARTS PLUS,451981416.9PARTS PLUS,451981416.9PARTS PLUS,1
Police - Vehicle Workshop Parts,45198,1291.8,PARTS PLUS,451981291.8PARTS PLUS,451981291.8PARTS PLUS,1
Police - Vehicle Workshop Parts,45198,650.68,PARTS PLUS,45198650.68PARTS PLUS,45198650.68PARTS PLUS,1
Police - Vehicle Workshop Parts,45198,558.87,PARTS PLUS,45198558.87PARTS PLUS,45198558.87PARTS PLUS,1
Police - Vehicle Workshop Parts,45198,634.19,PARTS PLUS,45198634.19PARTS PLUS,45198634.19PARTS PLUS,1
Police - Vehicle Workshop Parts,45198,23401.96,OECONNECTION LTD,4519823401.96OECONNECTION LTD,4519823401.96OECONNECTION LTD,1
Police - Vehicle Workshop Parts,45198,1875.38,OECONNECTION LTD,451981875.38OECONNECTION LTD,451981875.38OECONNECTION LTD,1
Agency Staff,45198,1020.78,OCCUPATIONAL HEALTH STAFFING LTD,451981020.78OCCUPATIONAL HEALTH STAFFING LTD,451981020.78OCCUPATIONAL HEALTH STAFFING LTD,1
Petrol,45198,43424.270000000026,ALLSTAR BUSINESS SOLUTIONS LTD [ARVAL PHH BUSINESS SOLUTIONS LTD],4519843424.27ALLSTAR BUSINESS SOLUTIONS LTD [ARVAL PHH BUSINESS SOLUTIONS LTD],4519843424.27ALLSTAR BUSINESS SOLUTIONS LTD [ARVAL PHH BUSINESS SOLUTIONS LTD],1
Training Expenses (External),45198,1172,NATIONAL CRIME AGENCY,451981172NATIONAL CRIME AGENCY,451981172NATIONAL CRIME AGENCY,1
Police - Professional Subscriptions,45198,725,NATIONAL CRIME AGENCY,45198725NATIONAL CRIME AGENCY,45198725NATIONAL CRIME AGENCY,1
Police - Other Third Party Payments,45198,2130,MORECAMBE FC COMMUNITY SPORTS,451982130MORECAMBE FC COMMUNITY SPORTS,451982130MORECAMBE FC COMMUNITY SPORTS,1
Police - Other Third Party Payments,45198,1756.16,MORECAMBE FC COMMUNITY SPORTS,451981756.16MORECAMBE FC COMMUNITY SPORTS,451981756.16MORECAMBE FC COMMUNITY SPORTS,1
Training Expenses (External),45198,4413.3,MERSEYSIDE POLICE AUTHORITY,451984413.3MERSEYSIDE POLICE AUTHORITY,451984413.3MERSEYSIDE POLICE AUTHORITY,1
Equipment,45198,14208,KEYPLUS SECURITY LTD,4519814208KEYPLUS SECURITY LTD,4519814208KEYPLUS SECURITY LTD,1
Police Reactive Maintenance - Building Services,45198,1044,KENDRA ENERGY SOLUTIONS LTD,451981044KENDRA ENERGY SOLUTIONS LTD,451981044KENDRA ENERGY SOLUTIONS LTD,1
Vehicle Purchase,45198,1942.8,INTOMOVE LTD,451981942.8INTOMOVE LTD,451981942.8INTOMOVE LTD,1
Police - Statutory Maintenance,45198,3234.4600000000005,INTEGRATED WATER SERVICES LTD,451983234.46INTEGRATED WATER SERVICES LTD,451983234.46INTEGRATED WATER SERVICES LTD,1
Recruitment - Advertising,45198,790.75,HAVAS PEOPLE LTD,45198790.75HAVAS PEOPLE LTD,45198790.75HAVAS PEOPLE LTD,1
Training Expenses (External),45198,2300,GREATER MANCHESTER COMBINED AUTHORITY - GMP,451982300GREATER MANCHESTER COMBINED AUTHORITY - GMP,451982300GREATER MANCHESTER COMBINED AUTHORITY - GMP,1
IT Consultancy,45198,4540,GENIUS GROUP LTD,451984540GENIUS GROUP LTD,451984540GENIUS GROUP LTD,1
Police Reactive Maintenance - Building Fabric,45198,1054,GABLES UK LTD,451981054GABLES UK LTD,451981054GABLES UK LTD,1
Police - Vehicle Recovery & Storage,45198,4361.7,FMG SUPPORT,451984361.7FMG SUPPORT,451984361.7FMG SUPPORT,1
Police - Vehicle Recovery & Storage,45198,21516,FMG SUPPORT,4519821516FMG SUPPORT,4519821516FMG SUPPORT,1
Police - Scientific Support Equipment,45198,986,FISHER SCIENTIFIC UK LTD,45198986FISHER SCIENTIFIC UK LTD,45198986FISHER SCIENTIFIC UK LTD,1
Computer Licences,45198,28983.04,FIS - FORCE INFORMATION SYSTEMS,4519828983.04FIS - FORCE INFORMATION SYSTEMS,4519828983.04FIS - FORCE INFORMATION SYSTEMS,1
Police - Vehicle Workshop Parts,45198,1004.62,EURO CAR PARTS LTD,451981004.62EURO CAR PARTS LTD,451981004.62EURO CAR PARTS LTD,1
Police - Telecom Forensics,45198,716.38,EPAY LTD,45198716.38EPAY LTD,45198716.38EPAY LTD,1
Laundry,45198,887.05,ELIS UK LTD FORMERLY BERENDSEN UK LTD,45198887.05ELIS UK LTD FORMERLY BERENDSEN UK LTD,45198887.05ELIS UK LTD FORMERLY BERENDSEN UK LTD,1
Clothing & Uniform,45198,1139.35,ELIS UK LTD FORMERLY BERENDSEN UK LTD,451981139.35ELIS UK LTD FORMERLY BERENDSEN UK LTD,451981139.35ELIS UK LTD FORMERLY BERENDSEN UK LTD,1
Equipment General,45198,511.20000000000005,EASTERN SHIRES PURCHASING ORGANISATION,45198511.2EASTERN SHIRES PURCHASING ORGANISATION,45198511.2EASTERN SHIRES PURCHASING ORGANISATION,1
Police - Optical Fees Eye Tests,45198,2300,DUNCAN & TODD T/A SMART EMPLOYEE EYECARE,451982300DUNCAN & TODD T/A SMART EMPLOYEE EYECARE,451982300DUNCAN & TODD T/A SMART EMPLOYEE EYECARE,1
Agency Staff,45198,675,DRS. DIRECT,45198675DRS. DIRECT,45198675DRS. DIRECT,1
Police - Other Investigative Expenses,45198,675.53,DR STUART BRODY,45198675.53DR STUART BRODY,45198675.53DR STUART BRODY,1
Training Expenses (External),45198,7200,CONTROL-F LTD,451987200CONTROL-F LTD,451987200CONTROL-F LTD,1
Vending Machine Rentals,45198,1609.4,COFFEE 1652,451981609.4COFFEE 1652,451981609.4COFFEE 1652,1
Police - Agents Fees,45198,649.5,COBDEN HOUSE CHAMBERS,45198649.5COBDEN HOUSE CHAMBERS,45198649.5COBDEN HOUSE CHAMBERS,1
Equipment General,45198,7836.54,CIVIL DEFENCE SUPPLY LTD,451987836.54CIVIL DEFENCE SUPPLY LTD,451987836.54CIVIL DEFENCE SUPPLY LTD,1
Ext  Adapt  Improv  Etc,45198,11925.63,CITY BUILD MANCHESTER LTD,4519811925.63CITY BUILD MANCHESTER LTD,4519811925.63CITY BUILD MANCHESTER LTD,1
Computer Software,45198,112500,CHORUS INTELLIGENCE LTD,45198112500CHORUS INTELLIGENCE LTD,45198112500CHORUS INTELLIGENCE LTD,1
Police - Detained Persons - Other Expenses,45198,4450,CHARLES FELLOWS SUPPLIES LTD,451984450CHARLES FELLOWS SUPPLIES LTD,451984450CHARLES FELLOWS SUPPLIES LTD,1
Police - Detained Persons - Other Expenses,45198,700,CHARLES FELLOWS SUPPLIES LTD,45198700CHARLES FELLOWS SUPPLIES LTD,45198700CHARLES FELLOWS SUPPLIES LTD,1
Police - Detained Persons - Other Expenses,45198,2840,CHARLES FELLOWS SUPPLIES LTD,451982840CHARLES FELLOWS SUPPLIES LTD,451982840CHARLES FELLOWS SUPPLIES LTD,1
Police - FSS,45198,1100,CELLMARK,451981100CELLMARK,451981100CELLMARK,1
Police - FSS,45198,3437.5,CELLMARK,451983437.5CELLMARK,451983437.5CELLMARK,1
Police - FSS,45198,8009.1,CELLMARK,451988009.1CELLMARK,451988009.1CELLMARK,1
Police - FSS,45198,1906.5,CELLMARK,451981906.5CELLMARK,451981906.5CELLMARK,1
Police - FSS,45198,2073.5,CELLMARK,451982073.5CELLMARK,451982073.5CELLMARK,1
Police - FSS,45198,1478.1,CELLMARK,451981478.1CELLMARK,451981478.1CELLMARK,1
Police - Statutory Maintenance,45198,2498,CAS FM LTD,451982498CAS FM LTD,451982498CAS FM LTD,1
Computer Software,45198,14400,CAPITA BUSINESS SERVICES LTD,4519814400CAPITA BUSINESS SERVICES LTD,4519814400CAPITA BUSINESS SERVICES LTD,1
Police - Other Third Party Payments,45198,2098,BRR CONSULTING LTD,451982098BRR CONSULTING LTD,451982098BRR CONSULTING LTD,1
Catering Service (External),45198,684.67,BROCKHOLES ENTERPRISE LTD,45198684.67BROCKHOLES ENTERPRISE LTD,45198684.67BROCKHOLES ENTERPRISE LTD,1
Police - Damage to Property / Boarding Up,45198,3388.3999999999996,BOING RAPID SECURE LTD,451983388.4BOING RAPID SECURE LTD,451983388.4BOING RAPID SECURE LTD,1
Equipment General,45198,2662,AVR GROUP LIMITED,451982662AVR GROUP LIMITED,451982662AVR GROUP LIMITED,1
Police Reactive Maintenance - Building Fabric,45198,1448.43,ASHTON JOINERY & BUILDING SERVICES LTD,451981448.43ASHTON JOINERY & BUILDING SERVICES LTD,451981448.43ASHTON JOINERY & BUILDING SERVICES LTD,1
Police Reactive Maintenance - Building Fabric,45198,1396.48,ASHTON JOINERY & BUILDING SERVICES LTD,451981396.48ASHTON JOINERY & BUILDING SERVICES LTD,451981396.48ASHTON JOINERY & BUILDING SERVICES LTD,1
Police Reactive Maintenance - Building Fabric,45198,1612,ASHTON JOINERY & BUILDING SERVICES LTD,451981612ASHTON JOINERY & BUILDING SERVICES LTD,451981612ASHTON JOINERY & BUILDING SERVICES LTD,1